genome	species	source	cazy_ids	cazy_hits	cazy_subfam_ec	cazy_best_hit
G364_1_GlOxy	91_Gluconobacter_oxydans	plasmid	AA1_1; AA1_2; AA1_3; AA1	AA1 Laccase / p-diphenol:oxygen oxidoreductase / ferroxidase (EC 1.10.3.2); ; ferroxidase (EC 1.10.3.-); Laccase-like multicopper oxidase (EC 1.10.3.-)	"1.10.3.2; 1.10.3.2; 1.10.3.2; 1.10.3.2,1.10.3.-"	AA1.hmm
G199_1_AcOry	4_Acetobacter_oryzifermentans	plasmid	AA3; AA3_1; AA3_2; AA3_3	"AA3 cellobiose dehydrogenase (EC 1.1.99.18); glucose 1-oxidase (EC 1.1.3.4); aryl alcohol oxidase (EC 1.1.3.7); alcohol oxidase (EC 1.1.3.13); pyranose oxidase (EC 1.1.3.10); glucose 1-dehydrogenase (FAD, quinone) (EC 1.1.5.9); pyranose dehydrogenase (EC 1.1.99.29); oligosaccharide dehydrogenase (FAD) (EC 1.1.5.-)"	"; 1.1.3.16,1.1.3.4,1.1.3.7,1.1.5.9,1.1.5.-,1.1.99.29; 1.1.3.13"	AA3_2.hmm
G275_1_AcTro	8_Acetobacter_tropicalis	plasmid	AA3; AA3_1; AA3_2; AA3_3	"AA3 cellobiose dehydrogenase (EC 1.1.99.18); glucose 1-oxidase (EC 1.1.3.4); aryl alcohol oxidase (EC 1.1.3.7); alcohol oxidase (EC 1.1.3.13); pyranose oxidase (EC 1.1.3.10); glucose 1-dehydrogenase (FAD, quinone) (EC 1.1.5.9); pyranose dehydrogenase (EC 1.1.99.29); oligosaccharide dehydrogenase (FAD) (EC 1.1.5.-)"	"; 1.1.3.16,1.1.3.4,1.1.3.7,1.1.5.9,1.1.5.-,1.1.99.29; 1.1.3.13"	AA3_2.hmm
G275_1_AcTro	8_Acetobacter_tropicalis	plasmid	AA3; AA3_2	"AA3 cellobiose dehydrogenase (EC 1.1.99.18); glucose 1-oxidase (EC 1.1.3.4); aryl alcohol oxidase (EC 1.1.3.7); alcohol oxidase (EC 1.1.3.13); pyranose oxidase (EC 1.1.3.10); glucose 1-dehydrogenase (FAD, quinone) (EC 1.1.5.9); pyranose dehydrogenase (EC 1.1.99.29); oligosaccharide dehydrogenase (FAD) (EC 1.1.5.-)"	"; 1.1.3.16,1.1.3.4,1.1.3.7,1.1.5.9,1.1.5.-,1.1.99.29"	AA3.hmm
G35_1_AcMalA	2_Acetobacter_malorum_A	plasmid	AA3	"AA3 cellobiose dehydrogenase (EC 1.1.99.18); glucose 1-oxidase (EC 1.1.3.4); aryl alcohol oxidase (EC 1.1.3.7); alcohol oxidase (EC 1.1.3.13); pyranose oxidase (EC 1.1.3.10); glucose 1-dehydrogenase (FAD, quinone) (EC 1.1.5.9); pyranose dehydrogenase (EC 1.1.99.29); oligosaccharide dehydrogenase (FAD) (EC 1.1.5.-)"		AA3.hmm
G490_1_AcMalA	2_Acetobacter_malorum_A	plasmid	AA3	"AA3 cellobiose dehydrogenase (EC 1.1.99.18); glucose 1-oxidase (EC 1.1.3.4); aryl alcohol oxidase (EC 1.1.3.7); alcohol oxidase (EC 1.1.3.13); pyranose oxidase (EC 1.1.3.10); glucose 1-dehydrogenase (FAD, quinone) (EC 1.1.5.9); pyranose dehydrogenase (EC 1.1.99.29); oligosaccharide dehydrogenase (FAD) (EC 1.1.5.-)"		AA3.hmm
G507_1_AcMalA	2_Acetobacter_malorum_A	plasmid	AA3	"AA3 cellobiose dehydrogenase (EC 1.1.99.18); glucose 1-oxidase (EC 1.1.3.4); aryl alcohol oxidase (EC 1.1.3.7); alcohol oxidase (EC 1.1.3.13); pyranose oxidase (EC 1.1.3.10); glucose 1-dehydrogenase (FAD, quinone) (EC 1.1.5.9); pyranose dehydrogenase (EC 1.1.99.29); oligosaccharide dehydrogenase (FAD) (EC 1.1.5.-)"		AA3.hmm
G275_1_AcTro	8_Acetobacter_tropicalis	plasmid	AA4; AA7	AA4 vanillyl-alcohol oxidase (EC 1.1.3.38); AA7 glucooligosaccharide oxidase (EC 1.1.3.-); chitooligosaccharide oxidase (EC 1.1.3.-); cellooligosaccharide dehydrogenase (EC 1.1.99.-)	"1.1.3.38; 1.1.3.-,1.1.99.-"	AA4.hmm
G154_1_AcGha	7_Acetobacter_ghanensis	prophage	CE1	CE1 acetyl xylan esterase (EC 3.1.1.72); cinnamoyl esterase (EC 3.1.1.-); feruloyl esterase (EC 3.1.1.73); carboxylesterase (EC 3.1.1.1); S-formylglutathione hydrolase (EC 3.1.2.12); diacylglycerol O-acyltransferase (EC 2.3.1.20); trehalose 6-O-mycolyltransferase (EC 2.3.1.122)	"2.3.1.122,3.1.1.72,3.2.1.8,3.1.1.-,2.3.1.20"	CE1.hmm
G398_1_AcOry	4_Acetobacter_oryzifermentans	plasmid	CE1	CE1 acetyl xylan esterase (EC 3.1.1.72); cinnamoyl esterase (EC 3.1.1.-); feruloyl esterase (EC 3.1.1.73); carboxylesterase (EC 3.1.1.1); S-formylglutathione hydrolase (EC 3.1.2.12); diacylglycerol O-acyltransferase (EC 2.3.1.20); trehalose 6-O-mycolyltransferase (EC 2.3.1.122)	"2.3.1.122,3.1.1.72,3.2.1.8,3.1.1.-,2.3.1.20"	CE1.hmm
G497_1_AcPas	6_Acetobacter_pasteurianus	plasmid	CE1	CE1 acetyl xylan esterase (EC 3.1.1.72); cinnamoyl esterase (EC 3.1.1.-); feruloyl esterase (EC 3.1.1.73); carboxylesterase (EC 3.1.1.1); S-formylglutathione hydrolase (EC 3.1.2.12); diacylglycerol O-acyltransferase (EC 2.3.1.20); trehalose 6-O-mycolyltransferase (EC 2.3.1.122)	"2.3.1.122,3.1.1.72,3.2.1.8,3.1.1.-,2.3.1.20"	CE1.hmm
G35_1_AcMalA	2_Acetobacter_malorum_A	plasmid	GH109	GH109 alpha-N-acetylgalactosaminidase (EC 3.2.1.49); beta-N-acetylhexosaminidase (EC 3.2.1.52)	"3.2.1.49,3.2.1.52"	GH109.hmm
G490_1_AcMalA	2_Acetobacter_malorum_A	plasmid	GH109	GH109 alpha-N-acetylgalactosaminidase (EC 3.2.1.49); beta-N-acetylhexosaminidase (EC 3.2.1.52)	"3.2.1.49,3.2.1.52"	GH109.hmm
G507_1_AcMalA	2_Acetobacter_malorum_A	plasmid	GH109	GH109 alpha-N-acetylgalactosaminidase (EC 3.2.1.49); beta-N-acetylhexosaminidase (EC 3.2.1.52)	"3.2.1.49,3.2.1.52"	GH109.hmm
G272_1_AcMal	1_Acetobacter_malorum	plasmid	GH13; GH13_10; GH13_11; GH13_12; GH13_13; GH13_14; GH13_20; GH13_36; GH13_37; GH13_41; GH13_8; GH13_9	"GH13 alpha-amylase (EC 3.2.1.1); pullulanase (EC 3.2.1.41); cyclomaltodextrin glucanotransferase (EC 2.4.1.19); cyclomaltodextrinase (EC 3.2.1.54); trehalose-6-phosphate hydrolase (EC 3.2.1.93); oligo-alpha-glucosidase (EC 3.2.1.10); maltogenic amylase (EC 3.2.1.133); neopullulanase (EC 3.2.1.135); alpha-glucosidase (EC 3.2.1.20); maltotetraose-forming alpha-amylase (EC 3.2.1.60); isoamylase (EC 3.2.1.68); glucodextranase (EC 3.2.1.70); maltohexaose-forming alpha-amylase (EC 3.2.1.98); maltotriose-forming alpha-amylase (EC 3.2.1.116); branching enzyme (EC 2.4.1.18); trehalose synthase (EC 5.4.99.16); 4-alpha-glucanotransferase (EC 2.4.1.25); maltopentaose-forming alpha-amylase (EC 3.2.1.-) ; amylosucrase (EC 2.4.1.4) ; sucrose phosphorylase (EC 2.4.1.7); malto-oligosyltrehalose trehalohydrolase (EC 3.2.1.141); isomaltulose synthase (EC 5.4.99.11); malto-oligosyltrehalose synthase (EC 5.4.99.15); amylo-alpha-1,6-glucosidase (EC 3.2.1.33); alpha-1,4-glucan: phosphate alpha-maltosyltransferase (EC 2.4.99.16); amino acid transporter; [retaining] sucrose 6(F)-phosphate phosphorylase (EC 2.4.1.329); [retaining] glucosylglycerol phosphorylase (EC 2.4.1.359); ; Glucosylglycerate phosphorylase (EC 2.4.1.352); [retaining] sucrose alpha-glucosidase (EC 3.2.1.48); oligosaccharide alpha-4-glucosyltransferase (EC 2.4.1.161); [retaining] alpha-amylase (EC 3.2.1.1);"	"2.4.1.25,2.4.1.-,3.2.1.1,3.2.1.133,3.2.1.135,3.2.1.20,3.2.1.2,3.2.1.41,3.2.1.54; 3.2.1.1,3.2.1.141; 2.4.1.25,3.2.1.20,3.2.1.68; 3.2.1.1,3.2.1.41,3.2.1.68; 3.2.1.41,3.2.1.68; 3.2.1.1,3.2.1.20,3.2.1.41,3.2.1.68; 3.2.1.1,3.2.1.133,3.2.1.135,3.2.1.41,3.2.1.54,3.2.1.-; 3.2.1.1,3.2.1.133,3.2.1.54,3.2.1.135; 3.2.1.1; 2.4.1.18,3.2.1.1; 2.4.1.18"	GH13_10.hmm
G35_1_AcMalA	2_Acetobacter_malorum_A	plasmid	GH13; GH13_10; GH13_11; GH13_12; GH13_14; GH13_20; GH13_36; GH13_37; GH13_41; GH13_8; GH13_9	"GH13 alpha-amylase (EC 3.2.1.1); pullulanase (EC 3.2.1.41); cyclomaltodextrin glucanotransferase (EC 2.4.1.19); cyclomaltodextrinase (EC 3.2.1.54); trehalose-6-phosphate hydrolase (EC 3.2.1.93); oligo-alpha-glucosidase (EC 3.2.1.10); maltogenic amylase (EC 3.2.1.133); neopullulanase (EC 3.2.1.135); alpha-glucosidase (EC 3.2.1.20); maltotetraose-forming alpha-amylase (EC 3.2.1.60); isoamylase (EC 3.2.1.68); glucodextranase (EC 3.2.1.70); maltohexaose-forming alpha-amylase (EC 3.2.1.98); maltotriose-forming alpha-amylase (EC 3.2.1.116); branching enzyme (EC 2.4.1.18); trehalose synthase (EC 5.4.99.16); 4-alpha-glucanotransferase (EC 2.4.1.25); maltopentaose-forming alpha-amylase (EC 3.2.1.-) ; amylosucrase (EC 2.4.1.4) ; sucrose phosphorylase (EC 2.4.1.7); malto-oligosyltrehalose trehalohydrolase (EC 3.2.1.141); isomaltulose synthase (EC 5.4.99.11); malto-oligosyltrehalose synthase (EC 5.4.99.15); amylo-alpha-1,6-glucosidase (EC 3.2.1.33); alpha-1,4-glucan: phosphate alpha-maltosyltransferase (EC 2.4.99.16); amino acid transporter; [retaining] sucrose 6(F)-phosphate phosphorylase (EC 2.4.1.329); [retaining] glucosylglycerol phosphorylase (EC 2.4.1.359); ; Glucosylglycerate phosphorylase (EC 2.4.1.352); [retaining] sucrose alpha-glucosidase (EC 3.2.1.48); oligosaccharide alpha-4-glucosyltransferase (EC 2.4.1.161); [retaining] alpha-amylase (EC 3.2.1.1);"	"2.4.1.25,2.4.1.-,3.2.1.1,3.2.1.133,3.2.1.135,3.2.1.20,3.2.1.2,3.2.1.41,3.2.1.54; 3.2.1.1,3.2.1.141; 2.4.1.25,3.2.1.20,3.2.1.68; 3.2.1.1,3.2.1.41,3.2.1.68; 3.2.1.1,3.2.1.20,3.2.1.41,3.2.1.68; 3.2.1.1,3.2.1.133,3.2.1.135,3.2.1.41,3.2.1.54,3.2.1.-; 3.2.1.1,3.2.1.133,3.2.1.54,3.2.1.135; 3.2.1.1; 2.4.1.18,3.2.1.1; 2.4.1.18"	GH13_10.hmm
G490_1_AcMalA	2_Acetobacter_malorum_A	plasmid	GH13; GH13_10; GH13_11; GH13_12; GH13_13; GH13_14; GH13_20; GH13_36; GH13_37; GH13_41; GH13_9	"GH13 alpha-amylase (EC 3.2.1.1); pullulanase (EC 3.2.1.41); cyclomaltodextrin glucanotransferase (EC 2.4.1.19); cyclomaltodextrinase (EC 3.2.1.54); trehalose-6-phosphate hydrolase (EC 3.2.1.93); oligo-alpha-glucosidase (EC 3.2.1.10); maltogenic amylase (EC 3.2.1.133); neopullulanase (EC 3.2.1.135); alpha-glucosidase (EC 3.2.1.20); maltotetraose-forming alpha-amylase (EC 3.2.1.60); isoamylase (EC 3.2.1.68); glucodextranase (EC 3.2.1.70); maltohexaose-forming alpha-amylase (EC 3.2.1.98); maltotriose-forming alpha-amylase (EC 3.2.1.116); branching enzyme (EC 2.4.1.18); trehalose synthase (EC 5.4.99.16); 4-alpha-glucanotransferase (EC 2.4.1.25); maltopentaose-forming alpha-amylase (EC 3.2.1.-) ; amylosucrase (EC 2.4.1.4) ; sucrose phosphorylase (EC 2.4.1.7); malto-oligosyltrehalose trehalohydrolase (EC 3.2.1.141); isomaltulose synthase (EC 5.4.99.11); malto-oligosyltrehalose synthase (EC 5.4.99.15); amylo-alpha-1,6-glucosidase (EC 3.2.1.33); alpha-1,4-glucan: phosphate alpha-maltosyltransferase (EC 2.4.99.16); amino acid transporter; [retaining] sucrose 6(F)-phosphate phosphorylase (EC 2.4.1.329); [retaining] glucosylglycerol phosphorylase (EC 2.4.1.359); ; Glucosylglycerate phosphorylase (EC 2.4.1.352); [retaining] sucrose alpha-glucosidase (EC 3.2.1.48); oligosaccharide alpha-4-glucosyltransferase (EC 2.4.1.161); [retaining] alpha-amylase (EC 3.2.1.1);"	"2.4.1.25,2.4.1.-,3.2.1.1,3.2.1.133,3.2.1.135,3.2.1.20,3.2.1.2,3.2.1.41,3.2.1.54; 3.2.1.1,3.2.1.141; 2.4.1.25,3.2.1.20,3.2.1.68; 3.2.1.1,3.2.1.41,3.2.1.68; 3.2.1.41,3.2.1.68; 3.2.1.1,3.2.1.20,3.2.1.41,3.2.1.68; 3.2.1.1,3.2.1.133,3.2.1.135,3.2.1.41,3.2.1.54,3.2.1.-; 3.2.1.1,3.2.1.133,3.2.1.54,3.2.1.135; 3.2.1.1; 2.4.1.18"	GH13_10.hmm
G507_1_AcMalA	2_Acetobacter_malorum_A	plasmid	GH13; GH13_10; GH13_11; GH13_12; GH13_14; GH13_20; GH13_36; GH13_37; GH13_41; GH13_8; GH13_9	"GH13 alpha-amylase (EC 3.2.1.1); pullulanase (EC 3.2.1.41); cyclomaltodextrin glucanotransferase (EC 2.4.1.19); cyclomaltodextrinase (EC 3.2.1.54); trehalose-6-phosphate hydrolase (EC 3.2.1.93); oligo-alpha-glucosidase (EC 3.2.1.10); maltogenic amylase (EC 3.2.1.133); neopullulanase (EC 3.2.1.135); alpha-glucosidase (EC 3.2.1.20); maltotetraose-forming alpha-amylase (EC 3.2.1.60); isoamylase (EC 3.2.1.68); glucodextranase (EC 3.2.1.70); maltohexaose-forming alpha-amylase (EC 3.2.1.98); maltotriose-forming alpha-amylase (EC 3.2.1.116); branching enzyme (EC 2.4.1.18); trehalose synthase (EC 5.4.99.16); 4-alpha-glucanotransferase (EC 2.4.1.25); maltopentaose-forming alpha-amylase (EC 3.2.1.-) ; amylosucrase (EC 2.4.1.4) ; sucrose phosphorylase (EC 2.4.1.7); malto-oligosyltrehalose trehalohydrolase (EC 3.2.1.141); isomaltulose synthase (EC 5.4.99.11); malto-oligosyltrehalose synthase (EC 5.4.99.15); amylo-alpha-1,6-glucosidase (EC 3.2.1.33); alpha-1,4-glucan: phosphate alpha-maltosyltransferase (EC 2.4.99.16); amino acid transporter; [retaining] sucrose 6(F)-phosphate phosphorylase (EC 2.4.1.329); [retaining] glucosylglycerol phosphorylase (EC 2.4.1.359); ; Glucosylglycerate phosphorylase (EC 2.4.1.352); [retaining] sucrose alpha-glucosidase (EC 3.2.1.48); oligosaccharide alpha-4-glucosyltransferase (EC 2.4.1.161); [retaining] alpha-amylase (EC 3.2.1.1);"	"2.4.1.25,2.4.1.-,3.2.1.1,3.2.1.133,3.2.1.135,3.2.1.20,3.2.1.2,3.2.1.41,3.2.1.54; 3.2.1.1,3.2.1.141; 2.4.1.25,3.2.1.20,3.2.1.68; 3.2.1.1,3.2.1.41,3.2.1.68; 3.2.1.1,3.2.1.20,3.2.1.41,3.2.1.68; 3.2.1.1,3.2.1.133,3.2.1.135,3.2.1.41,3.2.1.54,3.2.1.-; 3.2.1.1,3.2.1.133,3.2.1.54,3.2.1.135; 3.2.1.1; 2.4.1.18,3.2.1.1; 2.4.1.18"	GH13_10.hmm
G65_1_AcOrz	5_Acetobacter_oryzoeni	plasmid	GH13; GH13_10; GH13_11; GH13_13; GH13_14; GH13_20; GH13_36; GH13_37; GH13_41; GH13_9	"GH13 alpha-amylase (EC 3.2.1.1); pullulanase (EC 3.2.1.41); cyclomaltodextrin glucanotransferase (EC 2.4.1.19); cyclomaltodextrinase (EC 3.2.1.54); trehalose-6-phosphate hydrolase (EC 3.2.1.93); oligo-alpha-glucosidase (EC 3.2.1.10); maltogenic amylase (EC 3.2.1.133); neopullulanase (EC 3.2.1.135); alpha-glucosidase (EC 3.2.1.20); maltotetraose-forming alpha-amylase (EC 3.2.1.60); isoamylase (EC 3.2.1.68); glucodextranase (EC 3.2.1.70); maltohexaose-forming alpha-amylase (EC 3.2.1.98); maltotriose-forming alpha-amylase (EC 3.2.1.116); branching enzyme (EC 2.4.1.18); trehalose synthase (EC 5.4.99.16); 4-alpha-glucanotransferase (EC 2.4.1.25); maltopentaose-forming alpha-amylase (EC 3.2.1.-) ; amylosucrase (EC 2.4.1.4) ; sucrose phosphorylase (EC 2.4.1.7); malto-oligosyltrehalose trehalohydrolase (EC 3.2.1.141); isomaltulose synthase (EC 5.4.99.11); malto-oligosyltrehalose synthase (EC 5.4.99.15); amylo-alpha-1,6-glucosidase (EC 3.2.1.33); alpha-1,4-glucan: phosphate alpha-maltosyltransferase (EC 2.4.99.16); amino acid transporter; [retaining] sucrose 6(F)-phosphate phosphorylase (EC 2.4.1.329); [retaining] glucosylglycerol phosphorylase (EC 2.4.1.359); ; Glucosylglycerate phosphorylase (EC 2.4.1.352); [retaining] sucrose alpha-glucosidase (EC 3.2.1.48); oligosaccharide alpha-4-glucosyltransferase (EC 2.4.1.161); [retaining] alpha-amylase (EC 3.2.1.1);"	"2.4.1.25,2.4.1.-,3.2.1.1,3.2.1.133,3.2.1.135,3.2.1.20,3.2.1.2,3.2.1.41,3.2.1.54; 3.2.1.1,3.2.1.141; 2.4.1.25,3.2.1.20,3.2.1.68; 3.2.1.41,3.2.1.68; 3.2.1.1,3.2.1.20,3.2.1.41,3.2.1.68; 3.2.1.1,3.2.1.133,3.2.1.135,3.2.1.41,3.2.1.54,3.2.1.-; 3.2.1.1,3.2.1.133,3.2.1.54,3.2.1.135; 3.2.1.1; 2.4.1.18"	GH13_10.hmm
G272_1_AcMal	1_Acetobacter_malorum	plasmid	GH13; GH13_10; GH13_11; GH13_12; GH13_13; GH13_14; GH13_32; GH13_37; GH13_41; GH13_9	"GH13 alpha-amylase (EC 3.2.1.1); pullulanase (EC 3.2.1.41); cyclomaltodextrin glucanotransferase (EC 2.4.1.19); cyclomaltodextrinase (EC 3.2.1.54); trehalose-6-phosphate hydrolase (EC 3.2.1.93); oligo-alpha-glucosidase (EC 3.2.1.10); maltogenic amylase (EC 3.2.1.133); neopullulanase (EC 3.2.1.135); alpha-glucosidase (EC 3.2.1.20); maltotetraose-forming alpha-amylase (EC 3.2.1.60); isoamylase (EC 3.2.1.68); glucodextranase (EC 3.2.1.70); maltohexaose-forming alpha-amylase (EC 3.2.1.98); maltotriose-forming alpha-amylase (EC 3.2.1.116); branching enzyme (EC 2.4.1.18); trehalose synthase (EC 5.4.99.16); 4-alpha-glucanotransferase (EC 2.4.1.25); maltopentaose-forming alpha-amylase (EC 3.2.1.-) ; amylosucrase (EC 2.4.1.4) ; sucrose phosphorylase (EC 2.4.1.7); malto-oligosyltrehalose trehalohydrolase (EC 3.2.1.141); isomaltulose synthase (EC 5.4.99.11); malto-oligosyltrehalose synthase (EC 5.4.99.15); amylo-alpha-1,6-glucosidase (EC 3.2.1.33); alpha-1,4-glucan: phosphate alpha-maltosyltransferase (EC 2.4.99.16); amino acid transporter; [retaining] sucrose 6(F)-phosphate phosphorylase (EC 2.4.1.329); [retaining] glucosylglycerol phosphorylase (EC 2.4.1.359); ; Glucosylglycerate phosphorylase (EC 2.4.1.352); [retaining] sucrose alpha-glucosidase (EC 3.2.1.48); oligosaccharide alpha-4-glucosyltransferase (EC 2.4.1.161); [retaining] alpha-amylase (EC 3.2.1.1);"	"2.4.1.25,2.4.1.-,3.2.1.1,3.2.1.133,3.2.1.135,3.2.1.20,3.2.1.2,3.2.1.41,3.2.1.54; 3.2.1.1,3.2.1.141; 2.4.1.25,3.2.1.20,3.2.1.68; 3.2.1.1,3.2.1.41,3.2.1.68; 3.2.1.41,3.2.1.68; 3.2.1.1,3.2.1.20,3.2.1.41,3.2.1.68; 3.2.1.1,3.2.1.41,3.2.1.116; 3.2.1.1; 2.4.1.18"	GH13_11.hmm
G35_1_AcMalA	2_Acetobacter_malorum_A	plasmid	GH13; GH13_10; GH13_11; GH13_12; GH13_13; GH13_14; GH13_32; GH13_37; GH13_41; GH13_9	"GH13 alpha-amylase (EC 3.2.1.1); pullulanase (EC 3.2.1.41); cyclomaltodextrin glucanotransferase (EC 2.4.1.19); cyclomaltodextrinase (EC 3.2.1.54); trehalose-6-phosphate hydrolase (EC 3.2.1.93); oligo-alpha-glucosidase (EC 3.2.1.10); maltogenic amylase (EC 3.2.1.133); neopullulanase (EC 3.2.1.135); alpha-glucosidase (EC 3.2.1.20); maltotetraose-forming alpha-amylase (EC 3.2.1.60); isoamylase (EC 3.2.1.68); glucodextranase (EC 3.2.1.70); maltohexaose-forming alpha-amylase (EC 3.2.1.98); maltotriose-forming alpha-amylase (EC 3.2.1.116); branching enzyme (EC 2.4.1.18); trehalose synthase (EC 5.4.99.16); 4-alpha-glucanotransferase (EC 2.4.1.25); maltopentaose-forming alpha-amylase (EC 3.2.1.-) ; amylosucrase (EC 2.4.1.4) ; sucrose phosphorylase (EC 2.4.1.7); malto-oligosyltrehalose trehalohydrolase (EC 3.2.1.141); isomaltulose synthase (EC 5.4.99.11); malto-oligosyltrehalose synthase (EC 5.4.99.15); amylo-alpha-1,6-glucosidase (EC 3.2.1.33); alpha-1,4-glucan: phosphate alpha-maltosyltransferase (EC 2.4.99.16); amino acid transporter; [retaining] sucrose 6(F)-phosphate phosphorylase (EC 2.4.1.329); [retaining] glucosylglycerol phosphorylase (EC 2.4.1.359); ; Glucosylglycerate phosphorylase (EC 2.4.1.352); [retaining] sucrose alpha-glucosidase (EC 3.2.1.48); oligosaccharide alpha-4-glucosyltransferase (EC 2.4.1.161); [retaining] alpha-amylase (EC 3.2.1.1);"	"2.4.1.25,2.4.1.-,3.2.1.1,3.2.1.133,3.2.1.135,3.2.1.20,3.2.1.2,3.2.1.41,3.2.1.54; 3.2.1.1,3.2.1.141; 2.4.1.25,3.2.1.20,3.2.1.68; 3.2.1.1,3.2.1.41,3.2.1.68; 3.2.1.41,3.2.1.68; 3.2.1.1,3.2.1.20,3.2.1.41,3.2.1.68; 3.2.1.1,3.2.1.41,3.2.1.116; 3.2.1.1; 2.4.1.18"	GH13_11.hmm
G490_1_AcMalA	2_Acetobacter_malorum_A	plasmid	GH13; GH13_10; GH13_11; GH13_12; GH13_13; GH13_14; GH13_32; GH13_37; GH13_41; GH13_9	"GH13 alpha-amylase (EC 3.2.1.1); pullulanase (EC 3.2.1.41); cyclomaltodextrin glucanotransferase (EC 2.4.1.19); cyclomaltodextrinase (EC 3.2.1.54); trehalose-6-phosphate hydrolase (EC 3.2.1.93); oligo-alpha-glucosidase (EC 3.2.1.10); maltogenic amylase (EC 3.2.1.133); neopullulanase (EC 3.2.1.135); alpha-glucosidase (EC 3.2.1.20); maltotetraose-forming alpha-amylase (EC 3.2.1.60); isoamylase (EC 3.2.1.68); glucodextranase (EC 3.2.1.70); maltohexaose-forming alpha-amylase (EC 3.2.1.98); maltotriose-forming alpha-amylase (EC 3.2.1.116); branching enzyme (EC 2.4.1.18); trehalose synthase (EC 5.4.99.16); 4-alpha-glucanotransferase (EC 2.4.1.25); maltopentaose-forming alpha-amylase (EC 3.2.1.-) ; amylosucrase (EC 2.4.1.4) ; sucrose phosphorylase (EC 2.4.1.7); malto-oligosyltrehalose trehalohydrolase (EC 3.2.1.141); isomaltulose synthase (EC 5.4.99.11); malto-oligosyltrehalose synthase (EC 5.4.99.15); amylo-alpha-1,6-glucosidase (EC 3.2.1.33); alpha-1,4-glucan: phosphate alpha-maltosyltransferase (EC 2.4.99.16); amino acid transporter; [retaining] sucrose 6(F)-phosphate phosphorylase (EC 2.4.1.329); [retaining] glucosylglycerol phosphorylase (EC 2.4.1.359); ; Glucosylglycerate phosphorylase (EC 2.4.1.352); [retaining] sucrose alpha-glucosidase (EC 3.2.1.48); oligosaccharide alpha-4-glucosyltransferase (EC 2.4.1.161); [retaining] alpha-amylase (EC 3.2.1.1);"	"2.4.1.25,2.4.1.-,3.2.1.1,3.2.1.133,3.2.1.135,3.2.1.20,3.2.1.2,3.2.1.41,3.2.1.54; 3.2.1.1,3.2.1.141; 2.4.1.25,3.2.1.20,3.2.1.68; 3.2.1.1,3.2.1.41,3.2.1.68; 3.2.1.41,3.2.1.68; 3.2.1.1,3.2.1.20,3.2.1.41,3.2.1.68; 3.2.1.1,3.2.1.41,3.2.1.116; 3.2.1.1; 2.4.1.18"	GH13_11.hmm
G507_1_AcMalA	2_Acetobacter_malorum_A	plasmid	GH13; GH13_10; GH13_11; GH13_12; GH13_13; GH13_14; GH13_32; GH13_37; GH13_41; GH13_9	"GH13 alpha-amylase (EC 3.2.1.1); pullulanase (EC 3.2.1.41); cyclomaltodextrin glucanotransferase (EC 2.4.1.19); cyclomaltodextrinase (EC 3.2.1.54); trehalose-6-phosphate hydrolase (EC 3.2.1.93); oligo-alpha-glucosidase (EC 3.2.1.10); maltogenic amylase (EC 3.2.1.133); neopullulanase (EC 3.2.1.135); alpha-glucosidase (EC 3.2.1.20); maltotetraose-forming alpha-amylase (EC 3.2.1.60); isoamylase (EC 3.2.1.68); glucodextranase (EC 3.2.1.70); maltohexaose-forming alpha-amylase (EC 3.2.1.98); maltotriose-forming alpha-amylase (EC 3.2.1.116); branching enzyme (EC 2.4.1.18); trehalose synthase (EC 5.4.99.16); 4-alpha-glucanotransferase (EC 2.4.1.25); maltopentaose-forming alpha-amylase (EC 3.2.1.-) ; amylosucrase (EC 2.4.1.4) ; sucrose phosphorylase (EC 2.4.1.7); malto-oligosyltrehalose trehalohydrolase (EC 3.2.1.141); isomaltulose synthase (EC 5.4.99.11); malto-oligosyltrehalose synthase (EC 5.4.99.15); amylo-alpha-1,6-glucosidase (EC 3.2.1.33); alpha-1,4-glucan: phosphate alpha-maltosyltransferase (EC 2.4.99.16); amino acid transporter; [retaining] sucrose 6(F)-phosphate phosphorylase (EC 2.4.1.329); [retaining] glucosylglycerol phosphorylase (EC 2.4.1.359); ; Glucosylglycerate phosphorylase (EC 2.4.1.352); [retaining] sucrose alpha-glucosidase (EC 3.2.1.48); oligosaccharide alpha-4-glucosyltransferase (EC 2.4.1.161); [retaining] alpha-amylase (EC 3.2.1.1);"	"2.4.1.25,2.4.1.-,3.2.1.1,3.2.1.133,3.2.1.135,3.2.1.20,3.2.1.2,3.2.1.41,3.2.1.54; 3.2.1.1,3.2.1.141; 2.4.1.25,3.2.1.20,3.2.1.68; 3.2.1.1,3.2.1.41,3.2.1.68; 3.2.1.41,3.2.1.68; 3.2.1.1,3.2.1.20,3.2.1.41,3.2.1.68; 3.2.1.1,3.2.1.41,3.2.1.116; 3.2.1.1; 2.4.1.18"	GH13_11.hmm
G65_1_AcOrz	5_Acetobacter_oryzoeni	plasmid	GH13; GH13_10; GH13_11; GH13_12; GH13_13; GH13_14; GH13_32; GH13_37; GH13_41; GH13_9	"GH13 alpha-amylase (EC 3.2.1.1); pullulanase (EC 3.2.1.41); cyclomaltodextrin glucanotransferase (EC 2.4.1.19); cyclomaltodextrinase (EC 3.2.1.54); trehalose-6-phosphate hydrolase (EC 3.2.1.93); oligo-alpha-glucosidase (EC 3.2.1.10); maltogenic amylase (EC 3.2.1.133); neopullulanase (EC 3.2.1.135); alpha-glucosidase (EC 3.2.1.20); maltotetraose-forming alpha-amylase (EC 3.2.1.60); isoamylase (EC 3.2.1.68); glucodextranase (EC 3.2.1.70); maltohexaose-forming alpha-amylase (EC 3.2.1.98); maltotriose-forming alpha-amylase (EC 3.2.1.116); branching enzyme (EC 2.4.1.18); trehalose synthase (EC 5.4.99.16); 4-alpha-glucanotransferase (EC 2.4.1.25); maltopentaose-forming alpha-amylase (EC 3.2.1.-) ; amylosucrase (EC 2.4.1.4) ; sucrose phosphorylase (EC 2.4.1.7); malto-oligosyltrehalose trehalohydrolase (EC 3.2.1.141); isomaltulose synthase (EC 5.4.99.11); malto-oligosyltrehalose synthase (EC 5.4.99.15); amylo-alpha-1,6-glucosidase (EC 3.2.1.33); alpha-1,4-glucan: phosphate alpha-maltosyltransferase (EC 2.4.99.16); amino acid transporter; [retaining] sucrose 6(F)-phosphate phosphorylase (EC 2.4.1.329); [retaining] glucosylglycerol phosphorylase (EC 2.4.1.359); ; Glucosylglycerate phosphorylase (EC 2.4.1.352); [retaining] sucrose alpha-glucosidase (EC 3.2.1.48); oligosaccharide alpha-4-glucosyltransferase (EC 2.4.1.161); [retaining] alpha-amylase (EC 3.2.1.1);"	"2.4.1.25,2.4.1.-,3.2.1.1,3.2.1.133,3.2.1.135,3.2.1.20,3.2.1.2,3.2.1.41,3.2.1.54; 3.2.1.1,3.2.1.141; 2.4.1.25,3.2.1.20,3.2.1.68; 3.2.1.1,3.2.1.41,3.2.1.68; 3.2.1.41,3.2.1.68; 3.2.1.1,3.2.1.20,3.2.1.41,3.2.1.68; 3.2.1.1,3.2.1.41,3.2.1.116; 3.2.1.1; 2.4.1.18"	GH13_11.hmm
G272_1_AcMal	1_Acetobacter_malorum	plasmid	GH13; GH13_26	"GH13 alpha-amylase (EC 3.2.1.1); pullulanase (EC 3.2.1.41); cyclomaltodextrin glucanotransferase (EC 2.4.1.19); cyclomaltodextrinase (EC 3.2.1.54); trehalose-6-phosphate hydrolase (EC 3.2.1.93); oligo-alpha-glucosidase (EC 3.2.1.10); maltogenic amylase (EC 3.2.1.133); neopullulanase (EC 3.2.1.135); alpha-glucosidase (EC 3.2.1.20); maltotetraose-forming alpha-amylase (EC 3.2.1.60); isoamylase (EC 3.2.1.68); glucodextranase (EC 3.2.1.70); maltohexaose-forming alpha-amylase (EC 3.2.1.98); maltotriose-forming alpha-amylase (EC 3.2.1.116); branching enzyme (EC 2.4.1.18); trehalose synthase (EC 5.4.99.16); 4-alpha-glucanotransferase (EC 2.4.1.25); maltopentaose-forming alpha-amylase (EC 3.2.1.-) ; amylosucrase (EC 2.4.1.4) ; sucrose phosphorylase (EC 2.4.1.7); malto-oligosyltrehalose trehalohydrolase (EC 3.2.1.141); isomaltulose synthase (EC 5.4.99.11); malto-oligosyltrehalose synthase (EC 5.4.99.15); amylo-alpha-1,6-glucosidase (EC 3.2.1.33); alpha-1,4-glucan: phosphate alpha-maltosyltransferase (EC 2.4.99.16); amino acid transporter; [retaining] sucrose 6(F)-phosphate phosphorylase (EC 2.4.1.329); [retaining] glucosylglycerol phosphorylase (EC 2.4.1.359); ; Glucosylglycerate phosphorylase (EC 2.4.1.352); [retaining] sucrose alpha-glucosidase (EC 3.2.1.48); oligosaccharide alpha-4-glucosyltransferase (EC 2.4.1.161); [retaining] alpha-amylase (EC 3.2.1.1);"	"2.4.1.25,2.4.1.-,3.2.1.1,3.2.1.133,3.2.1.135,3.2.1.20,3.2.1.2,3.2.1.41,3.2.1.54; 5.4.99.15"	GH13_26.hmm
G35_1_AcMalA	2_Acetobacter_malorum_A	plasmid	GH13; GH13_26	"GH13 alpha-amylase (EC 3.2.1.1); pullulanase (EC 3.2.1.41); cyclomaltodextrin glucanotransferase (EC 2.4.1.19); cyclomaltodextrinase (EC 3.2.1.54); trehalose-6-phosphate hydrolase (EC 3.2.1.93); oligo-alpha-glucosidase (EC 3.2.1.10); maltogenic amylase (EC 3.2.1.133); neopullulanase (EC 3.2.1.135); alpha-glucosidase (EC 3.2.1.20); maltotetraose-forming alpha-amylase (EC 3.2.1.60); isoamylase (EC 3.2.1.68); glucodextranase (EC 3.2.1.70); maltohexaose-forming alpha-amylase (EC 3.2.1.98); maltotriose-forming alpha-amylase (EC 3.2.1.116); branching enzyme (EC 2.4.1.18); trehalose synthase (EC 5.4.99.16); 4-alpha-glucanotransferase (EC 2.4.1.25); maltopentaose-forming alpha-amylase (EC 3.2.1.-) ; amylosucrase (EC 2.4.1.4) ; sucrose phosphorylase (EC 2.4.1.7); malto-oligosyltrehalose trehalohydrolase (EC 3.2.1.141); isomaltulose synthase (EC 5.4.99.11); malto-oligosyltrehalose synthase (EC 5.4.99.15); amylo-alpha-1,6-glucosidase (EC 3.2.1.33); alpha-1,4-glucan: phosphate alpha-maltosyltransferase (EC 2.4.99.16); amino acid transporter; [retaining] sucrose 6(F)-phosphate phosphorylase (EC 2.4.1.329); [retaining] glucosylglycerol phosphorylase (EC 2.4.1.359); ; Glucosylglycerate phosphorylase (EC 2.4.1.352); [retaining] sucrose alpha-glucosidase (EC 3.2.1.48); oligosaccharide alpha-4-glucosyltransferase (EC 2.4.1.161); [retaining] alpha-amylase (EC 3.2.1.1);"	"2.4.1.25,2.4.1.-,3.2.1.1,3.2.1.133,3.2.1.135,3.2.1.20,3.2.1.2,3.2.1.41,3.2.1.54; 5.4.99.15"	GH13_26.hmm
G490_1_AcMalA	2_Acetobacter_malorum_A	plasmid	GH13; GH13_26	"GH13 alpha-amylase (EC 3.2.1.1); pullulanase (EC 3.2.1.41); cyclomaltodextrin glucanotransferase (EC 2.4.1.19); cyclomaltodextrinase (EC 3.2.1.54); trehalose-6-phosphate hydrolase (EC 3.2.1.93); oligo-alpha-glucosidase (EC 3.2.1.10); maltogenic amylase (EC 3.2.1.133); neopullulanase (EC 3.2.1.135); alpha-glucosidase (EC 3.2.1.20); maltotetraose-forming alpha-amylase (EC 3.2.1.60); isoamylase (EC 3.2.1.68); glucodextranase (EC 3.2.1.70); maltohexaose-forming alpha-amylase (EC 3.2.1.98); maltotriose-forming alpha-amylase (EC 3.2.1.116); branching enzyme (EC 2.4.1.18); trehalose synthase (EC 5.4.99.16); 4-alpha-glucanotransferase (EC 2.4.1.25); maltopentaose-forming alpha-amylase (EC 3.2.1.-) ; amylosucrase (EC 2.4.1.4) ; sucrose phosphorylase (EC 2.4.1.7); malto-oligosyltrehalose trehalohydrolase (EC 3.2.1.141); isomaltulose synthase (EC 5.4.99.11); malto-oligosyltrehalose synthase (EC 5.4.99.15); amylo-alpha-1,6-glucosidase (EC 3.2.1.33); alpha-1,4-glucan: phosphate alpha-maltosyltransferase (EC 2.4.99.16); amino acid transporter; [retaining] sucrose 6(F)-phosphate phosphorylase (EC 2.4.1.329); [retaining] glucosylglycerol phosphorylase (EC 2.4.1.359); ; Glucosylglycerate phosphorylase (EC 2.4.1.352); [retaining] sucrose alpha-glucosidase (EC 3.2.1.48); oligosaccharide alpha-4-glucosyltransferase (EC 2.4.1.161); [retaining] alpha-amylase (EC 3.2.1.1);"	"2.4.1.25,2.4.1.-,3.2.1.1,3.2.1.133,3.2.1.135,3.2.1.20,3.2.1.2,3.2.1.41,3.2.1.54; 5.4.99.15"	GH13_26.hmm
G507_1_AcMalA	2_Acetobacter_malorum_A	plasmid	GH13; GH13_26	"GH13 alpha-amylase (EC 3.2.1.1); pullulanase (EC 3.2.1.41); cyclomaltodextrin glucanotransferase (EC 2.4.1.19); cyclomaltodextrinase (EC 3.2.1.54); trehalose-6-phosphate hydrolase (EC 3.2.1.93); oligo-alpha-glucosidase (EC 3.2.1.10); maltogenic amylase (EC 3.2.1.133); neopullulanase (EC 3.2.1.135); alpha-glucosidase (EC 3.2.1.20); maltotetraose-forming alpha-amylase (EC 3.2.1.60); isoamylase (EC 3.2.1.68); glucodextranase (EC 3.2.1.70); maltohexaose-forming alpha-amylase (EC 3.2.1.98); maltotriose-forming alpha-amylase (EC 3.2.1.116); branching enzyme (EC 2.4.1.18); trehalose synthase (EC 5.4.99.16); 4-alpha-glucanotransferase (EC 2.4.1.25); maltopentaose-forming alpha-amylase (EC 3.2.1.-) ; amylosucrase (EC 2.4.1.4) ; sucrose phosphorylase (EC 2.4.1.7); malto-oligosyltrehalose trehalohydrolase (EC 3.2.1.141); isomaltulose synthase (EC 5.4.99.11); malto-oligosyltrehalose synthase (EC 5.4.99.15); amylo-alpha-1,6-glucosidase (EC 3.2.1.33); alpha-1,4-glucan: phosphate alpha-maltosyltransferase (EC 2.4.99.16); amino acid transporter; [retaining] sucrose 6(F)-phosphate phosphorylase (EC 2.4.1.329); [retaining] glucosylglycerol phosphorylase (EC 2.4.1.359); ; Glucosylglycerate phosphorylase (EC 2.4.1.352); [retaining] sucrose alpha-glucosidase (EC 3.2.1.48); oligosaccharide alpha-4-glucosyltransferase (EC 2.4.1.161); [retaining] alpha-amylase (EC 3.2.1.1);"	"2.4.1.25,2.4.1.-,3.2.1.1,3.2.1.133,3.2.1.135,3.2.1.20,3.2.1.2,3.2.1.41,3.2.1.54; 5.4.99.15"	GH13_26.hmm
G65_1_AcOrz	5_Acetobacter_oryzoeni	plasmid	GH13; GH13_26	"GH13 alpha-amylase (EC 3.2.1.1); pullulanase (EC 3.2.1.41); cyclomaltodextrin glucanotransferase (EC 2.4.1.19); cyclomaltodextrinase (EC 3.2.1.54); trehalose-6-phosphate hydrolase (EC 3.2.1.93); oligo-alpha-glucosidase (EC 3.2.1.10); maltogenic amylase (EC 3.2.1.133); neopullulanase (EC 3.2.1.135); alpha-glucosidase (EC 3.2.1.20); maltotetraose-forming alpha-amylase (EC 3.2.1.60); isoamylase (EC 3.2.1.68); glucodextranase (EC 3.2.1.70); maltohexaose-forming alpha-amylase (EC 3.2.1.98); maltotriose-forming alpha-amylase (EC 3.2.1.116); branching enzyme (EC 2.4.1.18); trehalose synthase (EC 5.4.99.16); 4-alpha-glucanotransferase (EC 2.4.1.25); maltopentaose-forming alpha-amylase (EC 3.2.1.-) ; amylosucrase (EC 2.4.1.4) ; sucrose phosphorylase (EC 2.4.1.7); malto-oligosyltrehalose trehalohydrolase (EC 3.2.1.141); isomaltulose synthase (EC 5.4.99.11); malto-oligosyltrehalose synthase (EC 5.4.99.15); amylo-alpha-1,6-glucosidase (EC 3.2.1.33); alpha-1,4-glucan: phosphate alpha-maltosyltransferase (EC 2.4.99.16); amino acid transporter; [retaining] sucrose 6(F)-phosphate phosphorylase (EC 2.4.1.329); [retaining] glucosylglycerol phosphorylase (EC 2.4.1.359); ; Glucosylglycerate phosphorylase (EC 2.4.1.352); [retaining] sucrose alpha-glucosidase (EC 3.2.1.48); oligosaccharide alpha-4-glucosyltransferase (EC 2.4.1.161); [retaining] alpha-amylase (EC 3.2.1.1);"	"2.4.1.25,2.4.1.-,3.2.1.1,3.2.1.133,3.2.1.135,3.2.1.20,3.2.1.2,3.2.1.41,3.2.1.54; 5.4.99.15"	GH13_26.hmm
G272_1_AcMal	1_Acetobacter_malorum	plasmid	CBM48; GH13; GH13_10; GH13_11; GH13_14; GH13_3; GH13_8; GH13_9	"CBM48 Modules of approx. 100 residues with glycogen-binding function, appended to GH13 modules. Also found in the beta subunit (glycogen-binding) of AMP-activated protein kinases (AMPK); GH13 alpha-amylase (EC 3.2.1.1); pullulanase (EC 3.2.1.41); cyclomaltodextrin glucanotransferase (EC 2.4.1.19); cyclomaltodextrinase (EC 3.2.1.54); trehalose-6-phosphate hydrolase (EC 3.2.1.93); oligo-alpha-glucosidase (EC 3.2.1.10); maltogenic amylase (EC 3.2.1.133); neopullulanase (EC 3.2.1.135); alpha-glucosidase (EC 3.2.1.20); maltotetraose-forming alpha-amylase (EC 3.2.1.60); isoamylase (EC 3.2.1.68); glucodextranase (EC 3.2.1.70); maltohexaose-forming alpha-amylase (EC 3.2.1.98); maltotriose-forming alpha-amylase (EC 3.2.1.116); branching enzyme (EC 2.4.1.18); trehalose synthase (EC 5.4.99.16); 4-alpha-glucanotransferase (EC 2.4.1.25); maltopentaose-forming alpha-amylase (EC 3.2.1.-) ; amylosucrase (EC 2.4.1.4) ; sucrose phosphorylase (EC 2.4.1.7); malto-oligosyltrehalose trehalohydrolase (EC 3.2.1.141); isomaltulose synthase (EC 5.4.99.11); malto-oligosyltrehalose synthase (EC 5.4.99.15); amylo-alpha-1,6-glucosidase (EC 3.2.1.33); alpha-1,4-glucan: phosphate alpha-maltosyltransferase (EC 2.4.99.16); amino acid transporter; [retaining] sucrose 6(F)-phosphate phosphorylase (EC 2.4.1.329); [retaining] glucosylglycerol phosphorylase (EC 2.4.1.359); ; Glucosylglycerate phosphorylase (EC 2.4.1.352); [retaining] sucrose alpha-glucosidase (EC 3.2.1.48); oligosaccharide alpha-4-glucosyltransferase (EC 2.4.1.161); [retaining] alpha-amylase (EC 3.2.1.1);"	"; 2.4.1.25,2.4.1.-,3.2.1.1,3.2.1.133,3.2.1.135,3.2.1.20,3.2.1.2,3.2.1.41,3.2.1.54; 3.2.1.1,3.2.1.141; 2.4.1.25,3.2.1.20,3.2.1.68; 3.2.1.1,3.2.1.20,3.2.1.41,3.2.1.68; 2.4.99.16; 2.4.1.18,3.2.1.1; 2.4.1.18"	GH13_9.hmm
G35_1_AcMalA	2_Acetobacter_malorum_A	plasmid	CBM48; GH13; GH13_10; GH13_11; GH13_14; GH13_3; GH13_8; GH13_9	"CBM48 Modules of approx. 100 residues with glycogen-binding function, appended to GH13 modules. Also found in the beta subunit (glycogen-binding) of AMP-activated protein kinases (AMPK); GH13 alpha-amylase (EC 3.2.1.1); pullulanase (EC 3.2.1.41); cyclomaltodextrin glucanotransferase (EC 2.4.1.19); cyclomaltodextrinase (EC 3.2.1.54); trehalose-6-phosphate hydrolase (EC 3.2.1.93); oligo-alpha-glucosidase (EC 3.2.1.10); maltogenic amylase (EC 3.2.1.133); neopullulanase (EC 3.2.1.135); alpha-glucosidase (EC 3.2.1.20); maltotetraose-forming alpha-amylase (EC 3.2.1.60); isoamylase (EC 3.2.1.68); glucodextranase (EC 3.2.1.70); maltohexaose-forming alpha-amylase (EC 3.2.1.98); maltotriose-forming alpha-amylase (EC 3.2.1.116); branching enzyme (EC 2.4.1.18); trehalose synthase (EC 5.4.99.16); 4-alpha-glucanotransferase (EC 2.4.1.25); maltopentaose-forming alpha-amylase (EC 3.2.1.-) ; amylosucrase (EC 2.4.1.4) ; sucrose phosphorylase (EC 2.4.1.7); malto-oligosyltrehalose trehalohydrolase (EC 3.2.1.141); isomaltulose synthase (EC 5.4.99.11); malto-oligosyltrehalose synthase (EC 5.4.99.15); amylo-alpha-1,6-glucosidase (EC 3.2.1.33); alpha-1,4-glucan: phosphate alpha-maltosyltransferase (EC 2.4.99.16); amino acid transporter; [retaining] sucrose 6(F)-phosphate phosphorylase (EC 2.4.1.329); [retaining] glucosylglycerol phosphorylase (EC 2.4.1.359); ; Glucosylglycerate phosphorylase (EC 2.4.1.352); [retaining] sucrose alpha-glucosidase (EC 3.2.1.48); oligosaccharide alpha-4-glucosyltransferase (EC 2.4.1.161); [retaining] alpha-amylase (EC 3.2.1.1);"	"; 2.4.1.25,2.4.1.-,3.2.1.1,3.2.1.133,3.2.1.135,3.2.1.20,3.2.1.2,3.2.1.41,3.2.1.54; 3.2.1.1,3.2.1.141; 2.4.1.25,3.2.1.20,3.2.1.68; 3.2.1.1,3.2.1.20,3.2.1.41,3.2.1.68; 2.4.99.16; 2.4.1.18,3.2.1.1; 2.4.1.18"	GH13_9.hmm
G490_1_AcMalA	2_Acetobacter_malorum_A	plasmid	CBM48; GH13; GH13_10; GH13_11; GH13_14; GH13_3; GH13_8; GH13_9	"CBM48 Modules of approx. 100 residues with glycogen-binding function, appended to GH13 modules. Also found in the beta subunit (glycogen-binding) of AMP-activated protein kinases (AMPK); GH13 alpha-amylase (EC 3.2.1.1); pullulanase (EC 3.2.1.41); cyclomaltodextrin glucanotransferase (EC 2.4.1.19); cyclomaltodextrinase (EC 3.2.1.54); trehalose-6-phosphate hydrolase (EC 3.2.1.93); oligo-alpha-glucosidase (EC 3.2.1.10); maltogenic amylase (EC 3.2.1.133); neopullulanase (EC 3.2.1.135); alpha-glucosidase (EC 3.2.1.20); maltotetraose-forming alpha-amylase (EC 3.2.1.60); isoamylase (EC 3.2.1.68); glucodextranase (EC 3.2.1.70); maltohexaose-forming alpha-amylase (EC 3.2.1.98); maltotriose-forming alpha-amylase (EC 3.2.1.116); branching enzyme (EC 2.4.1.18); trehalose synthase (EC 5.4.99.16); 4-alpha-glucanotransferase (EC 2.4.1.25); maltopentaose-forming alpha-amylase (EC 3.2.1.-) ; amylosucrase (EC 2.4.1.4) ; sucrose phosphorylase (EC 2.4.1.7); malto-oligosyltrehalose trehalohydrolase (EC 3.2.1.141); isomaltulose synthase (EC 5.4.99.11); malto-oligosyltrehalose synthase (EC 5.4.99.15); amylo-alpha-1,6-glucosidase (EC 3.2.1.33); alpha-1,4-glucan: phosphate alpha-maltosyltransferase (EC 2.4.99.16); amino acid transporter; [retaining] sucrose 6(F)-phosphate phosphorylase (EC 2.4.1.329); [retaining] glucosylglycerol phosphorylase (EC 2.4.1.359); ; Glucosylglycerate phosphorylase (EC 2.4.1.352); [retaining] sucrose alpha-glucosidase (EC 3.2.1.48); oligosaccharide alpha-4-glucosyltransferase (EC 2.4.1.161); [retaining] alpha-amylase (EC 3.2.1.1);"	"; 2.4.1.25,2.4.1.-,3.2.1.1,3.2.1.133,3.2.1.135,3.2.1.20,3.2.1.2,3.2.1.41,3.2.1.54; 3.2.1.1,3.2.1.141; 2.4.1.25,3.2.1.20,3.2.1.68; 3.2.1.1,3.2.1.20,3.2.1.41,3.2.1.68; 2.4.99.16; 2.4.1.18,3.2.1.1; 2.4.1.18"	GH13_9.hmm
G507_1_AcMalA	2_Acetobacter_malorum_A	plasmid	CBM48; GH13; GH13_10; GH13_11; GH13_14; GH13_3; GH13_8; GH13_9	"CBM48 Modules of approx. 100 residues with glycogen-binding function, appended to GH13 modules. Also found in the beta subunit (glycogen-binding) of AMP-activated protein kinases (AMPK); GH13 alpha-amylase (EC 3.2.1.1); pullulanase (EC 3.2.1.41); cyclomaltodextrin glucanotransferase (EC 2.4.1.19); cyclomaltodextrinase (EC 3.2.1.54); trehalose-6-phosphate hydrolase (EC 3.2.1.93); oligo-alpha-glucosidase (EC 3.2.1.10); maltogenic amylase (EC 3.2.1.133); neopullulanase (EC 3.2.1.135); alpha-glucosidase (EC 3.2.1.20); maltotetraose-forming alpha-amylase (EC 3.2.1.60); isoamylase (EC 3.2.1.68); glucodextranase (EC 3.2.1.70); maltohexaose-forming alpha-amylase (EC 3.2.1.98); maltotriose-forming alpha-amylase (EC 3.2.1.116); branching enzyme (EC 2.4.1.18); trehalose synthase (EC 5.4.99.16); 4-alpha-glucanotransferase (EC 2.4.1.25); maltopentaose-forming alpha-amylase (EC 3.2.1.-) ; amylosucrase (EC 2.4.1.4) ; sucrose phosphorylase (EC 2.4.1.7); malto-oligosyltrehalose trehalohydrolase (EC 3.2.1.141); isomaltulose synthase (EC 5.4.99.11); malto-oligosyltrehalose synthase (EC 5.4.99.15); amylo-alpha-1,6-glucosidase (EC 3.2.1.33); alpha-1,4-glucan: phosphate alpha-maltosyltransferase (EC 2.4.99.16); amino acid transporter; [retaining] sucrose 6(F)-phosphate phosphorylase (EC 2.4.1.329); [retaining] glucosylglycerol phosphorylase (EC 2.4.1.359); ; Glucosylglycerate phosphorylase (EC 2.4.1.352); [retaining] sucrose alpha-glucosidase (EC 3.2.1.48); oligosaccharide alpha-4-glucosyltransferase (EC 2.4.1.161); [retaining] alpha-amylase (EC 3.2.1.1);"	"; 2.4.1.25,2.4.1.-,3.2.1.1,3.2.1.133,3.2.1.135,3.2.1.20,3.2.1.2,3.2.1.41,3.2.1.54; 3.2.1.1,3.2.1.141; 2.4.1.25,3.2.1.20,3.2.1.68; 3.2.1.1,3.2.1.20,3.2.1.41,3.2.1.68; 2.4.99.16; 2.4.1.18,3.2.1.1; 2.4.1.18"	GH13_9.hmm
G65_1_AcOrz	5_Acetobacter_oryzoeni	plasmid	CBM48; GH13; GH13_10; GH13_11; GH13_14; GH13_3; GH13_8; GH13_9	"CBM48 Modules of approx. 100 residues with glycogen-binding function, appended to GH13 modules. Also found in the beta subunit (glycogen-binding) of AMP-activated protein kinases (AMPK); GH13 alpha-amylase (EC 3.2.1.1); pullulanase (EC 3.2.1.41); cyclomaltodextrin glucanotransferase (EC 2.4.1.19); cyclomaltodextrinase (EC 3.2.1.54); trehalose-6-phosphate hydrolase (EC 3.2.1.93); oligo-alpha-glucosidase (EC 3.2.1.10); maltogenic amylase (EC 3.2.1.133); neopullulanase (EC 3.2.1.135); alpha-glucosidase (EC 3.2.1.20); maltotetraose-forming alpha-amylase (EC 3.2.1.60); isoamylase (EC 3.2.1.68); glucodextranase (EC 3.2.1.70); maltohexaose-forming alpha-amylase (EC 3.2.1.98); maltotriose-forming alpha-amylase (EC 3.2.1.116); branching enzyme (EC 2.4.1.18); trehalose synthase (EC 5.4.99.16); 4-alpha-glucanotransferase (EC 2.4.1.25); maltopentaose-forming alpha-amylase (EC 3.2.1.-) ; amylosucrase (EC 2.4.1.4) ; sucrose phosphorylase (EC 2.4.1.7); malto-oligosyltrehalose trehalohydrolase (EC 3.2.1.141); isomaltulose synthase (EC 5.4.99.11); malto-oligosyltrehalose synthase (EC 5.4.99.15); amylo-alpha-1,6-glucosidase (EC 3.2.1.33); alpha-1,4-glucan: phosphate alpha-maltosyltransferase (EC 2.4.99.16); amino acid transporter; [retaining] sucrose 6(F)-phosphate phosphorylase (EC 2.4.1.329); [retaining] glucosylglycerol phosphorylase (EC 2.4.1.359); ; Glucosylglycerate phosphorylase (EC 2.4.1.352); [retaining] sucrose alpha-glucosidase (EC 3.2.1.48); oligosaccharide alpha-4-glucosyltransferase (EC 2.4.1.161); [retaining] alpha-amylase (EC 3.2.1.1);"	"; 2.4.1.25,2.4.1.-,3.2.1.1,3.2.1.133,3.2.1.135,3.2.1.20,3.2.1.2,3.2.1.41,3.2.1.54; 3.2.1.1,3.2.1.141; 2.4.1.25,3.2.1.20,3.2.1.68; 3.2.1.1,3.2.1.20,3.2.1.41,3.2.1.68; 2.4.99.16; 2.4.1.18,3.2.1.1; 2.4.1.18"	GH13_9.hmm
G272_1_AcMal	1_Acetobacter_malorum	plasmid	GH127; GH146	"GH127 beta-L-arabinofuranosidase (EC 3.2.1.185); 3-C-carboxy-5-deoxy-L-xylose (aceric acid) hydrolase (EC 3.2.1.-); alpha-1,3-(3,6)-anhydro-D-galactosidase (EC 3.2.1.-); GH146 beta-L-arabinofuranosidase (EC 3.2.1.185)"	"3.2.1.185,3.2.1.-; 3.2.1.185"	GH146.hmm
G35_1_AcMalA	2_Acetobacter_malorum_A	plasmid	GH127; GH146	"GH127 beta-L-arabinofuranosidase (EC 3.2.1.185); 3-C-carboxy-5-deoxy-L-xylose (aceric acid) hydrolase (EC 3.2.1.-); alpha-1,3-(3,6)-anhydro-D-galactosidase (EC 3.2.1.-); GH146 beta-L-arabinofuranosidase (EC 3.2.1.185)"	"3.2.1.185,3.2.1.-; 3.2.1.185"	GH146.hmm
G490_1_AcMalA	2_Acetobacter_malorum_A	plasmid	GH127; GH146	"GH127 beta-L-arabinofuranosidase (EC 3.2.1.185); 3-C-carboxy-5-deoxy-L-xylose (aceric acid) hydrolase (EC 3.2.1.-); alpha-1,3-(3,6)-anhydro-D-galactosidase (EC 3.2.1.-); GH146 beta-L-arabinofuranosidase (EC 3.2.1.185)"	"3.2.1.185,3.2.1.-; 3.2.1.185"	GH146.hmm
G507_1_AcMalA	2_Acetobacter_malorum_A	plasmid	GH127; GH146	"GH127 beta-L-arabinofuranosidase (EC 3.2.1.185); 3-C-carboxy-5-deoxy-L-xylose (aceric acid) hydrolase (EC 3.2.1.-); alpha-1,3-(3,6)-anhydro-D-galactosidase (EC 3.2.1.-); GH146 beta-L-arabinofuranosidase (EC 3.2.1.185)"	"3.2.1.185,3.2.1.-; 3.2.1.185"	GH146.hmm
G65_1_AcOrz	5_Acetobacter_oryzoeni	plasmid	GH127; GH146	"GH127 beta-L-arabinofuranosidase (EC 3.2.1.185); 3-C-carboxy-5-deoxy-L-xylose (aceric acid) hydrolase (EC 3.2.1.-); alpha-1,3-(3,6)-anhydro-D-galactosidase (EC 3.2.1.-); GH146 beta-L-arabinofuranosidase (EC 3.2.1.185)"	"3.2.1.185,3.2.1.-; 3.2.1.185"	GH146.hmm
G11_1_AcOry	4_Acetobacter_oryzifermentans	plasmid	GH23	GH23 lysozyme type G (EC 3.2.1.17); peptidoglycan lyase (EC 4.2.2.n1) also known in the literature as peptidoglycan lytic transglycosylase; chitinase (EC 3.2.1.14)	"3.2.1.17,3.2.1.17_or_4.2.2.n1,4.2.2.n1"	GH23.hmm
G199_1_AcOry	4_Acetobacter_oryzifermentans	plasmid	GH23	GH23 lysozyme type G (EC 3.2.1.17); peptidoglycan lyase (EC 4.2.2.n1) also known in the literature as peptidoglycan lytic transglycosylase; chitinase (EC 3.2.1.14)	"3.2.1.17,3.2.1.17_or_4.2.2.n1,4.2.2.n1"	GH23.hmm
G272_1_AcMal	1_Acetobacter_malorum	plasmid	GH23	GH23 lysozyme type G (EC 3.2.1.17); peptidoglycan lyase (EC 4.2.2.n1) also known in the literature as peptidoglycan lytic transglycosylase; chitinase (EC 3.2.1.14)	"3.2.1.17,3.2.1.17_or_4.2.2.n1,4.2.2.n1"	GH23.hmm
G275_1_AcTro	8_Acetobacter_tropicalis	plasmid	GH23	GH23 lysozyme type G (EC 3.2.1.17); peptidoglycan lyase (EC 4.2.2.n1) also known in the literature as peptidoglycan lytic transglycosylase; chitinase (EC 3.2.1.14)	"3.2.1.17,3.2.1.17_or_4.2.2.n1,4.2.2.n1"	GH23.hmm
G275_2_GlPot	92_Gluconobacter_potus	plasmid	GH23	GH23 lysozyme type G (EC 3.2.1.17); peptidoglycan lyase (EC 4.2.2.n1) also known in the literature as peptidoglycan lytic transglycosylase; chitinase (EC 3.2.1.14)	"3.2.1.17,3.2.1.17_or_4.2.2.n1,4.2.2.n1"	GH23.hmm
G361_1_AcSen	9_Acetobacter_senegalensis	plasmid	GH23	GH23 lysozyme type G (EC 3.2.1.17); peptidoglycan lyase (EC 4.2.2.n1) also known in the literature as peptidoglycan lytic transglycosylase; chitinase (EC 3.2.1.14)	"3.2.1.17,3.2.1.17_or_4.2.2.n1,4.2.2.n1"	GH23.hmm
G364_1_GlOxy	91_Gluconobacter_oxydans	prophage	GH23	GH23 lysozyme type G (EC 3.2.1.17); peptidoglycan lyase (EC 4.2.2.n1) also known in the literature as peptidoglycan lytic transglycosylase; chitinase (EC 3.2.1.14)	"3.2.1.17,3.2.1.17_or_4.2.2.n1,4.2.2.n1"	GH23.hmm
G398_1_AcOry	4_Acetobacter_oryzifermentans	plasmid	GH23	GH23 lysozyme type G (EC 3.2.1.17); peptidoglycan lyase (EC 4.2.2.n1) also known in the literature as peptidoglycan lytic transglycosylase; chitinase (EC 3.2.1.14)	"3.2.1.17,3.2.1.17_or_4.2.2.n1,4.2.2.n1"	GH23.hmm
G517_1_Ac	3_Acetobacter_sp_517	plasmid	GH23	GH23 lysozyme type G (EC 3.2.1.17); peptidoglycan lyase (EC 4.2.2.n1) also known in the literature as peptidoglycan lytic transglycosylase; chitinase (EC 3.2.1.14)	"3.2.1.17,3.2.1.17_or_4.2.2.n1,4.2.2.n1"	GH23.hmm
G65_1_AcOrz	5_Acetobacter_oryzoeni	plasmid	GH23	GH23 lysozyme type G (EC 3.2.1.17); peptidoglycan lyase (EC 4.2.2.n1) also known in the literature as peptidoglycan lytic transglycosylase; chitinase (EC 3.2.1.14)	"3.2.1.17,3.2.1.17_or_4.2.2.n1,4.2.2.n1"	GH23.hmm
G65_1_AcOrz	5_Acetobacter_oryzoeni	prophage	GH23	GH23 lysozyme type G (EC 3.2.1.17); peptidoglycan lyase (EC 4.2.2.n1) also known in the literature as peptidoglycan lytic transglycosylase; chitinase (EC 3.2.1.14)	"3.2.1.17,3.2.1.17_or_4.2.2.n1,4.2.2.n1"	GH23.hmm
G125_1_AcPas	6_Acetobacter_pasteurianus	prophage	GH24	GH24 lysozyme (EC 3.2.1.17)	3.2.1.17	GH24.hmm
G125_1_AcPas	6_Acetobacter_pasteurianus	prophage	GH24	GH24 lysozyme (EC 3.2.1.17)	3.2.1.17	GH24.hmm
G154_1_AcGha	7_Acetobacter_ghanensis	prophage	GH24	GH24 lysozyme (EC 3.2.1.17)	3.2.1.17	GH24.hmm
G361_1_AcSen	9_Acetobacter_senegalensis	prophage	GH24	GH24 lysozyme (EC 3.2.1.17)	3.2.1.17	GH24.hmm
G361_1_AcSen	9_Acetobacter_senegalensis	prophage	GH24	GH24 lysozyme (EC 3.2.1.17)	3.2.1.17	GH24.hmm
G398_1_AcOry	4_Acetobacter_oryzifermentans	prophage	GH24	GH24 lysozyme (EC 3.2.1.17)	3.2.1.17	GH24.hmm
G398_1_AcOry	4_Acetobacter_oryzifermentans	prophage	GH24	GH24 lysozyme (EC 3.2.1.17)	3.2.1.17	GH24.hmm
G490_1_AcMalA	2_Acetobacter_malorum_A	prophage	GH24	GH24 lysozyme (EC 3.2.1.17)	3.2.1.17	GH24.hmm
G497_1_AcPas	6_Acetobacter_pasteurianus	prophage	GH24	GH24 lysozyme (EC 3.2.1.17)	3.2.1.17	GH24.hmm
G517_1_Ac	3_Acetobacter_sp_517	prophage	GH24	GH24 lysozyme (EC 3.2.1.17)	3.2.1.17	GH24.hmm
G65_1_AcOrz	5_Acetobacter_oryzoeni	prophage	GH24	GH24 lysozyme (EC 3.2.1.17)	3.2.1.17	GH24.hmm
G199_1_AcOry	4_Acetobacter_oryzifermentans	plasmid	GH28	"GH28 polygalacturonase (EC 3.2.1.15); exo-polygalacturonase (EC 3.2.1.67); exo-polygalacturonosidase (EC 3.2.1.82); rhamnogalacturonase (EC 3.2.1.171); rhamnogalacturonan alpha-1,2-galacturonohydrolase (EC 3.2.1.173); xylogalacturonan hydrolase (EC 3.2.1.-)"	"3.1.1.11,3.2.1.15,3.2.1.171,3.2.1.173,3.2.1.67,3.2.1.82,3.2.1.-"	GH28.hmm
G272_1_AcMal	1_Acetobacter_malorum	plasmid	GH42; GH167	GH167 beta-carrageenase (EC 3.2.1.-); GH42 beta-galactosidase (EC 3.2.1.23); alpha-L-arabinopyranosidase (EC 3.2.1.-)	"3.2.1.-; 3.2.1.23,3.2.1.-"	GH42.hmm
G35_1_AcMalA	2_Acetobacter_malorum_A	plasmid	GH42; GH167	GH167 beta-carrageenase (EC 3.2.1.-); GH42 beta-galactosidase (EC 3.2.1.23); alpha-L-arabinopyranosidase (EC 3.2.1.-)	"3.2.1.-; 3.2.1.23,3.2.1.-"	GH42.hmm
G490_1_AcMalA	2_Acetobacter_malorum_A	plasmid	GH42; GH167	GH167 beta-carrageenase (EC 3.2.1.-); GH42 beta-galactosidase (EC 3.2.1.23); alpha-L-arabinopyranosidase (EC 3.2.1.-)	"3.2.1.-; 3.2.1.23,3.2.1.-"	GH42.hmm
G507_1_AcMalA	2_Acetobacter_malorum_A	plasmid	GH42; GH167	GH167 beta-carrageenase (EC 3.2.1.-); GH42 beta-galactosidase (EC 3.2.1.23); alpha-L-arabinopyranosidase (EC 3.2.1.-)	"3.2.1.-; 3.2.1.23,3.2.1.-"	GH42.hmm
G65_1_AcOrz	5_Acetobacter_oryzoeni	plasmid	GH42; GH167	GH167 beta-carrageenase (EC 3.2.1.-); GH42 beta-galactosidase (EC 3.2.1.23); alpha-L-arabinopyranosidase (EC 3.2.1.-)	"3.2.1.-; 3.2.1.23,3.2.1.-"	GH42.hmm
G11_1_AcOry	4_Acetobacter_oryzifermentans	prophage	GH43_23	"GH43 beta-xylosidase (EC 3.2.1.37); alpha-L-arabinofuranosidase (EC 3.2.1.55); xylanase (EC 3.2.1.8); alpha-1,2-L-arabinofuranosidase (EC 3.2.1.-); exo-alpha-1,5-L-arabinofuranosidase (EC 3.2.1.-); [inverting] exo-alpha-1,5-L-arabinanase (EC 3.2.1.-); beta-1,3-xylosidase (EC 3.2.1.72); [inverting] exo-alpha-1,5-L-arabinanase (EC 3.2.1.-); [inverting] endo-alpha-1,5-L-arabinanase (EC 3.2.1.99); exo-beta-1,3-galactanase (EC 3.2.1.145); beta-D-galactofuranosidase (EC 3.2.1.146)"		GH43_23.hmm
G125_1_AcPas	6_Acetobacter_pasteurianus	prophage	GH43_23	"GH43 beta-xylosidase (EC 3.2.1.37); alpha-L-arabinofuranosidase (EC 3.2.1.55); xylanase (EC 3.2.1.8); alpha-1,2-L-arabinofuranosidase (EC 3.2.1.-); exo-alpha-1,5-L-arabinofuranosidase (EC 3.2.1.-); [inverting] exo-alpha-1,5-L-arabinanase (EC 3.2.1.-); beta-1,3-xylosidase (EC 3.2.1.72); [inverting] exo-alpha-1,5-L-arabinanase (EC 3.2.1.-); [inverting] endo-alpha-1,5-L-arabinanase (EC 3.2.1.99); exo-beta-1,3-galactanase (EC 3.2.1.145); beta-D-galactofuranosidase (EC 3.2.1.146)"		GH43_23.hmm
G24_1_AcOry	4_Acetobacter_oryzifermentans	prophage	GH43_23	"GH43 beta-xylosidase (EC 3.2.1.37); alpha-L-arabinofuranosidase (EC 3.2.1.55); xylanase (EC 3.2.1.8); alpha-1,2-L-arabinofuranosidase (EC 3.2.1.-); exo-alpha-1,5-L-arabinofuranosidase (EC 3.2.1.-); [inverting] exo-alpha-1,5-L-arabinanase (EC 3.2.1.-); beta-1,3-xylosidase (EC 3.2.1.72); [inverting] exo-alpha-1,5-L-arabinanase (EC 3.2.1.-); [inverting] endo-alpha-1,5-L-arabinanase (EC 3.2.1.99); exo-beta-1,3-galactanase (EC 3.2.1.145); beta-D-galactofuranosidase (EC 3.2.1.146)"		GH43_23.hmm
G398_1_AcOry	4_Acetobacter_oryzifermentans	prophage	GH43_23	"GH43 beta-xylosidase (EC 3.2.1.37); alpha-L-arabinofuranosidase (EC 3.2.1.55); xylanase (EC 3.2.1.8); alpha-1,2-L-arabinofuranosidase (EC 3.2.1.-); exo-alpha-1,5-L-arabinofuranosidase (EC 3.2.1.-); [inverting] exo-alpha-1,5-L-arabinanase (EC 3.2.1.-); beta-1,3-xylosidase (EC 3.2.1.72); [inverting] exo-alpha-1,5-L-arabinanase (EC 3.2.1.-); [inverting] endo-alpha-1,5-L-arabinanase (EC 3.2.1.99); exo-beta-1,3-galactanase (EC 3.2.1.145); beta-D-galactofuranosidase (EC 3.2.1.146)"		GH43_23.hmm
G65_1_AcOrz	5_Acetobacter_oryzoeni	prophage	GH43_23	"GH43 beta-xylosidase (EC 3.2.1.37); alpha-L-arabinofuranosidase (EC 3.2.1.55); xylanase (EC 3.2.1.8); alpha-1,2-L-arabinofuranosidase (EC 3.2.1.-); exo-alpha-1,5-L-arabinofuranosidase (EC 3.2.1.-); [inverting] exo-alpha-1,5-L-arabinanase (EC 3.2.1.-); beta-1,3-xylosidase (EC 3.2.1.72); [inverting] exo-alpha-1,5-L-arabinanase (EC 3.2.1.-); [inverting] endo-alpha-1,5-L-arabinanase (EC 3.2.1.99); exo-beta-1,3-galactanase (EC 3.2.1.145); beta-D-galactofuranosidase (EC 3.2.1.146)"		GH43_23.hmm
G272_1_AcMal	1_Acetobacter_malorum	plasmid	GH94; GT84	"GH94 cellobiose phosphorylase (EC 2.4.1.20); laminaribiose phosphorylase (EC 2.4.1.31); cellodextrin phosphorylase (EC 2.4.1.49); chitobiose phosphorylase (EC 2.4.1.280); cellobionic acid phosphorylase (EC 2.4.1.321); beta-1,2-oligoglucan phosphorylase (EC 2.4.1.333); 4-O-beta-D-glucosyl-D-galactose phosphorylase (EC 2.4.1.-); solabiose phosphorylase (EC 2.4.1.389); GT84 cyclic beta-1,2-glucan synthase (EC 2.4.1.-)"	"2.4.1.20,2.4.1.280,2.4.1.31,2.4.1.321,2.4.1.333,2.4.1.389,2.4.1.49,2.4.1.-; "	GH94.hmm
G35_1_AcMalA	2_Acetobacter_malorum_A	plasmid	GH94; GT84	"GH94 cellobiose phosphorylase (EC 2.4.1.20); laminaribiose phosphorylase (EC 2.4.1.31); cellodextrin phosphorylase (EC 2.4.1.49); chitobiose phosphorylase (EC 2.4.1.280); cellobionic acid phosphorylase (EC 2.4.1.321); beta-1,2-oligoglucan phosphorylase (EC 2.4.1.333); 4-O-beta-D-glucosyl-D-galactose phosphorylase (EC 2.4.1.-); solabiose phosphorylase (EC 2.4.1.389); GT84 cyclic beta-1,2-glucan synthase (EC 2.4.1.-)"	"2.4.1.20,2.4.1.280,2.4.1.31,2.4.1.321,2.4.1.333,2.4.1.389,2.4.1.49,2.4.1.-; "	GH94.hmm
G490_1_AcMalA	2_Acetobacter_malorum_A	plasmid	GH94; GT84	"GH94 cellobiose phosphorylase (EC 2.4.1.20); laminaribiose phosphorylase (EC 2.4.1.31); cellodextrin phosphorylase (EC 2.4.1.49); chitobiose phosphorylase (EC 2.4.1.280); cellobionic acid phosphorylase (EC 2.4.1.321); beta-1,2-oligoglucan phosphorylase (EC 2.4.1.333); 4-O-beta-D-glucosyl-D-galactose phosphorylase (EC 2.4.1.-); solabiose phosphorylase (EC 2.4.1.389); GT84 cyclic beta-1,2-glucan synthase (EC 2.4.1.-)"	"2.4.1.20,2.4.1.280,2.4.1.31,2.4.1.321,2.4.1.333,2.4.1.389,2.4.1.49,2.4.1.-; "	GH94.hmm
G497_1_AcPas	6_Acetobacter_pasteurianus	plasmid	GH94; GT84	"GH94 cellobiose phosphorylase (EC 2.4.1.20); laminaribiose phosphorylase (EC 2.4.1.31); cellodextrin phosphorylase (EC 2.4.1.49); chitobiose phosphorylase (EC 2.4.1.280); cellobionic acid phosphorylase (EC 2.4.1.321); beta-1,2-oligoglucan phosphorylase (EC 2.4.1.333); 4-O-beta-D-glucosyl-D-galactose phosphorylase (EC 2.4.1.-); solabiose phosphorylase (EC 2.4.1.389); GT84 cyclic beta-1,2-glucan synthase (EC 2.4.1.-)"	"2.4.1.20,2.4.1.280,2.4.1.31,2.4.1.321,2.4.1.333,2.4.1.389,2.4.1.49,2.4.1.-; "	GH94.hmm
G507_1_AcMalA	2_Acetobacter_malorum_A	plasmid	GH94; GT84	"GH94 cellobiose phosphorylase (EC 2.4.1.20); laminaribiose phosphorylase (EC 2.4.1.31); cellodextrin phosphorylase (EC 2.4.1.49); chitobiose phosphorylase (EC 2.4.1.280); cellobionic acid phosphorylase (EC 2.4.1.321); beta-1,2-oligoglucan phosphorylase (EC 2.4.1.333); 4-O-beta-D-glucosyl-D-galactose phosphorylase (EC 2.4.1.-); solabiose phosphorylase (EC 2.4.1.389); GT84 cyclic beta-1,2-glucan synthase (EC 2.4.1.-)"	"2.4.1.20,2.4.1.280,2.4.1.31,2.4.1.321,2.4.1.333,2.4.1.389,2.4.1.49,2.4.1.-; "	GH94.hmm
G65_1_AcOrz	5_Acetobacter_oryzoeni	plasmid	GH94; GT84	"GH94 cellobiose phosphorylase (EC 2.4.1.20); laminaribiose phosphorylase (EC 2.4.1.31); cellodextrin phosphorylase (EC 2.4.1.49); chitobiose phosphorylase (EC 2.4.1.280); cellobionic acid phosphorylase (EC 2.4.1.321); beta-1,2-oligoglucan phosphorylase (EC 2.4.1.333); 4-O-beta-D-glucosyl-D-galactose phosphorylase (EC 2.4.1.-); solabiose phosphorylase (EC 2.4.1.389); GT84 cyclic beta-1,2-glucan synthase (EC 2.4.1.-)"	"2.4.1.20,2.4.1.280,2.4.1.31,2.4.1.321,2.4.1.333,2.4.1.389,2.4.1.49,2.4.1.-; "	GH94.hmm
G398_1_AcOry	4_Acetobacter_oryzifermentans	plasmid	GT1	GT1 UDP-glucuronosyltransferase (EC 2.4.1.17); zeatin O-beta-xylosyltransferase (EC 2.4.2.40); 2-hydroxyacylsphingosine 1-beta-galactosyltransferase (EC 2.4.1.45); N-acylsphingosine galactosyltransferase (EC 2.4.1.47); flavonol 3-O-glucosyltransferase (EC 2.4.1.91); anthocyanidin 3-O-glucosyltransferase (EC 2.4.1.115); sinapate 1-glucosyltransferase (EC 2.4.1.120); indole-3-acetate beta-glucosyltransferase (EC 2.4.1.121); flavonol L-rhamnosyltransferase (EC 2.4.1.159); sterol glucosyltransferase (EC 2.4.1.173); UDP-Glc: 4-hydroxybenzoate 4-O-beta-glucosyltransferase (EC 2.4.1.194); zeatin O-beta-glucosyltransferase (EC 2.4.1.203); limonoid glucosyltransferase (EC 2.4.1.210); UDP-GlcA: baicalein 7-O-beta-glucuronosyltransferase (EC 2.4.1.253); UDP-Glc: chalcone 4'-O-beta-glucosyltransferase (EC 2.4.1.286); ecdysteroid UDP-glucosyltransferase (EC 2.4.1.-); salicylic acid beta-glucosyltransferase (EC 2.4.1.-); anthocyanin 3-O-galactosyltransferase (EC 2.4.1.-); anthocyanin 5-O-glucosyltransferase (EC 2.4.1.-); dTDP-beta-2-deoxy-L-fucose: alpha-L-2-deoxyfucosyltransferase (EC 2.4.1.-); UDP-beta-L-rhamnose: alpha-L-rhamnosyltransferase (EC 2.4.1.-); zeaxanthin glucosyltransferase (EC 2.4.1.-); UDP-Glc: flavone-6-C-glucosytransferase (EC 2.4.1.-); UDP-Glc: cinnamate beta-glucosyltransferase (EC 2.4.1.177); UDP-Glc: hydroxycinnamic acid O-beta-glucosyltransferase (EC 2.4.1.-); UDP-Glc: cinnamoyl O-beta-glucosyltransferase (EC 2.4.1.-); UDP-Arap: flavone-C-arabinosytransferase (EC 2.4.1.-); [inverting] UDP-Glc: ginsenoside 3-O-glucosyltransferase (EC 2.4.1.364); [inverting] UDP-Glc: 3-O-glucosyl-protopanaxadiol-type ginsenoside 2''-O-glucosyltransferase (EC 2.4.1.365); UDP-Glc: p-hydroxymandelonitrile-O-glucosyltransferase (EC 2.4.1.85)	"2.4.1.115,2.4.1.120,2.4.1.121,2.4.1.128,2.4.1.159,2.4.1.170,2.4.1.173,2.4.1.177,2.4.1.17,2.4.1.185,2.4.1.194,2.4.1.195,2.4.1.202,2.4.1.203,2.4.1.210,2.4.1.215,2.4.1.234,2.4.1.237,2.4.1.238,2.4.1.-,2.4.1.253,2.4.1.276,2.4.1.286,2.4.1.302,2.4.1.35,2.4.1.360,2.4.1.364,2.4.1.365,2.4.1.45,2.4.1.47,2.4.1.81,2.4.1.85,2.4.1.91,2.4.2.40,2.4.2.-,2.4.-.-,2.4.1.189"	GT1.hmm
G65_1_AcOrz	5_Acetobacter_oryzoeni	plasmid	GT1	GT1 UDP-glucuronosyltransferase (EC 2.4.1.17); zeatin O-beta-xylosyltransferase (EC 2.4.2.40); 2-hydroxyacylsphingosine 1-beta-galactosyltransferase (EC 2.4.1.45); N-acylsphingosine galactosyltransferase (EC 2.4.1.47); flavonol 3-O-glucosyltransferase (EC 2.4.1.91); anthocyanidin 3-O-glucosyltransferase (EC 2.4.1.115); sinapate 1-glucosyltransferase (EC 2.4.1.120); indole-3-acetate beta-glucosyltransferase (EC 2.4.1.121); flavonol L-rhamnosyltransferase (EC 2.4.1.159); sterol glucosyltransferase (EC 2.4.1.173); UDP-Glc: 4-hydroxybenzoate 4-O-beta-glucosyltransferase (EC 2.4.1.194); zeatin O-beta-glucosyltransferase (EC 2.4.1.203); limonoid glucosyltransferase (EC 2.4.1.210); UDP-GlcA: baicalein 7-O-beta-glucuronosyltransferase (EC 2.4.1.253); UDP-Glc: chalcone 4'-O-beta-glucosyltransferase (EC 2.4.1.286); ecdysteroid UDP-glucosyltransferase (EC 2.4.1.-); salicylic acid beta-glucosyltransferase (EC 2.4.1.-); anthocyanin 3-O-galactosyltransferase (EC 2.4.1.-); anthocyanin 5-O-glucosyltransferase (EC 2.4.1.-); dTDP-beta-2-deoxy-L-fucose: alpha-L-2-deoxyfucosyltransferase (EC 2.4.1.-); UDP-beta-L-rhamnose: alpha-L-rhamnosyltransferase (EC 2.4.1.-); zeaxanthin glucosyltransferase (EC 2.4.1.-); UDP-Glc: flavone-6-C-glucosytransferase (EC 2.4.1.-); UDP-Glc: cinnamate beta-glucosyltransferase (EC 2.4.1.177); UDP-Glc: hydroxycinnamic acid O-beta-glucosyltransferase (EC 2.4.1.-); UDP-Glc: cinnamoyl O-beta-glucosyltransferase (EC 2.4.1.-); UDP-Arap: flavone-C-arabinosytransferase (EC 2.4.1.-); [inverting] UDP-Glc: ginsenoside 3-O-glucosyltransferase (EC 2.4.1.364); [inverting] UDP-Glc: 3-O-glucosyl-protopanaxadiol-type ginsenoside 2''-O-glucosyltransferase (EC 2.4.1.365); UDP-Glc: p-hydroxymandelonitrile-O-glucosyltransferase (EC 2.4.1.85)	"2.4.1.115,2.4.1.120,2.4.1.121,2.4.1.128,2.4.1.159,2.4.1.170,2.4.1.173,2.4.1.177,2.4.1.17,2.4.1.185,2.4.1.194,2.4.1.195,2.4.1.202,2.4.1.203,2.4.1.210,2.4.1.215,2.4.1.234,2.4.1.237,2.4.1.238,2.4.1.-,2.4.1.253,2.4.1.276,2.4.1.286,2.4.1.302,2.4.1.35,2.4.1.360,2.4.1.364,2.4.1.365,2.4.1.45,2.4.1.47,2.4.1.81,2.4.1.85,2.4.1.91,2.4.2.40,2.4.2.-,2.4.-.-,2.4.1.189"	GT1.hmm
G275_2_GlPot	92_Gluconobacter_potus	plasmid	GT107	"GT107 CMP-beta-KDO: beta-2,4-KDO transferase (EC 2.4.99.-); CMP-beta-KDO: beta-2,7-KDO transferase (EC 2.4.99.-)"	2.4.99.-	GT107.hmm
G199_1_AcOry	4_Acetobacter_oryzifermentans	plasmid	GT4	"GT4 sucrose synthase (EC 2.4.1.13); sucrose-phosphate synthase (EC 2.4.1.14); alpha-glucosyltransferase (EC 2.4.1.52); lipopolysaccharide N-acetylglucosaminyltransferase (EC 2.4.1.56); phosphatidylinositol alpha-mannosyltransferase (EC 2.4.1.57); GDP-Man: Man1GlcNAc2-PP-dolichol alpha-1,3-mannosyltransferase (EC 2.4.1.132); GDP-Man: Man3GlcNAc2-PP-dolichol/Man4GlcNAc2-PP-dolichol alpha-1,2-mannosyltransferase (EC 2.4.1.131); digalactosyldiacylglycerol synthase (EC 2.4.1.141); 1,2-diacylglycerol 3-glucosyltransferase (EC 2.4.1.157); diglucosyl diacylglycerol synthase (EC 2.4.1.208); trehalose phosphorylase (EC 2.4.1.231); NDP-Glc: alpha-glucose alpha-glucosyltransferase / alpha,alpha-trehalose synthase (EC 2.4.1.245); GDP-Man: Man2GlcNAc2-PP-dolichol alpha-1,6-mannosyltransferase (EC 2.4.1.257); UDP-GlcNAc: 2-deoxystreptamine alpha-N-acetylglucosaminyltransferase (EC 2.4.1.283); UDP-GlcNAc: ribostamycin alpha-N-acetylglucosaminyltransferase (EC 2.4.1.285); UDP-Gal alpha-galactosyltransferase (EC 2.4.1.-); UDP-Xyl alpha-xylosyltransferase (EC 2.4.2.-); UDP-GlcA alpha-glucuronyltransferase (EC 2.4.1.-); UDP-Glc alpha-glucosyltransferase (EC 2.4.1.-); UDP-GalNAc: GalNAc-PP-Und alpha-1,3-N-acetylgalactosaminyltransferase (EC 2.4.1.306); UDP-GalNAc: N,N'-diacetylbacillosaminyl-PP-Und alpha-1,3-N-acetylgalactosaminyltransferase (EC 2.4.1.290); ADP-dependent alpha-maltose-1-phosphate synthase (2.4.1.342); [retaining] UDP-GlcNAc: polypeptide alpha-N-acetylglucosaminyltransferase (EC 2.4.1.-); UDP-GlcNAc: alpha-N-acetylglucosaminyltransferase (EC 2.4.1.-)"	"2.4.1.131,2.4.1.13,2.4.1.14,2.4.1.157,2.4.1.198,2.4.1.208,2.4.1.21,2.4.1.231,2.4.1.241,2.4.1.245,2.4.1.252,2.4.1.257,2.4.1.270,2.4.1.283,2.4.1.285,2.4.1.290,2.4.1.342,2.4.1.57,2.4.1.-,2.4.2.-,2.4.1.132"	GT4.hmm
G275_1_AcTro	8_Acetobacter_tropicalis	plasmid	GT4	"GT4 sucrose synthase (EC 2.4.1.13); sucrose-phosphate synthase (EC 2.4.1.14); alpha-glucosyltransferase (EC 2.4.1.52); lipopolysaccharide N-acetylglucosaminyltransferase (EC 2.4.1.56); phosphatidylinositol alpha-mannosyltransferase (EC 2.4.1.57); GDP-Man: Man1GlcNAc2-PP-dolichol alpha-1,3-mannosyltransferase (EC 2.4.1.132); GDP-Man: Man3GlcNAc2-PP-dolichol/Man4GlcNAc2-PP-dolichol alpha-1,2-mannosyltransferase (EC 2.4.1.131); digalactosyldiacylglycerol synthase (EC 2.4.1.141); 1,2-diacylglycerol 3-glucosyltransferase (EC 2.4.1.157); diglucosyl diacylglycerol synthase (EC 2.4.1.208); trehalose phosphorylase (EC 2.4.1.231); NDP-Glc: alpha-glucose alpha-glucosyltransferase / alpha,alpha-trehalose synthase (EC 2.4.1.245); GDP-Man: Man2GlcNAc2-PP-dolichol alpha-1,6-mannosyltransferase (EC 2.4.1.257); UDP-GlcNAc: 2-deoxystreptamine alpha-N-acetylglucosaminyltransferase (EC 2.4.1.283); UDP-GlcNAc: ribostamycin alpha-N-acetylglucosaminyltransferase (EC 2.4.1.285); UDP-Gal alpha-galactosyltransferase (EC 2.4.1.-); UDP-Xyl alpha-xylosyltransferase (EC 2.4.2.-); UDP-GlcA alpha-glucuronyltransferase (EC 2.4.1.-); UDP-Glc alpha-glucosyltransferase (EC 2.4.1.-); UDP-GalNAc: GalNAc-PP-Und alpha-1,3-N-acetylgalactosaminyltransferase (EC 2.4.1.306); UDP-GalNAc: N,N'-diacetylbacillosaminyl-PP-Und alpha-1,3-N-acetylgalactosaminyltransferase (EC 2.4.1.290); ADP-dependent alpha-maltose-1-phosphate synthase (2.4.1.342); [retaining] UDP-GlcNAc: polypeptide alpha-N-acetylglucosaminyltransferase (EC 2.4.1.-); UDP-GlcNAc: alpha-N-acetylglucosaminyltransferase (EC 2.4.1.-)"	"2.4.1.131,2.4.1.13,2.4.1.14,2.4.1.157,2.4.1.198,2.4.1.208,2.4.1.21,2.4.1.231,2.4.1.241,2.4.1.245,2.4.1.252,2.4.1.257,2.4.1.270,2.4.1.283,2.4.1.285,2.4.1.290,2.4.1.342,2.4.1.57,2.4.1.-,2.4.2.-,2.4.1.132"	GT4.hmm
G275_2_GlPot	92_Gluconobacter_potus	plasmid	GT4	"GT4 sucrose synthase (EC 2.4.1.13); sucrose-phosphate synthase (EC 2.4.1.14); alpha-glucosyltransferase (EC 2.4.1.52); lipopolysaccharide N-acetylglucosaminyltransferase (EC 2.4.1.56); phosphatidylinositol alpha-mannosyltransferase (EC 2.4.1.57); GDP-Man: Man1GlcNAc2-PP-dolichol alpha-1,3-mannosyltransferase (EC 2.4.1.132); GDP-Man: Man3GlcNAc2-PP-dolichol/Man4GlcNAc2-PP-dolichol alpha-1,2-mannosyltransferase (EC 2.4.1.131); digalactosyldiacylglycerol synthase (EC 2.4.1.141); 1,2-diacylglycerol 3-glucosyltransferase (EC 2.4.1.157); diglucosyl diacylglycerol synthase (EC 2.4.1.208); trehalose phosphorylase (EC 2.4.1.231); NDP-Glc: alpha-glucose alpha-glucosyltransferase / alpha,alpha-trehalose synthase (EC 2.4.1.245); GDP-Man: Man2GlcNAc2-PP-dolichol alpha-1,6-mannosyltransferase (EC 2.4.1.257); UDP-GlcNAc: 2-deoxystreptamine alpha-N-acetylglucosaminyltransferase (EC 2.4.1.283); UDP-GlcNAc: ribostamycin alpha-N-acetylglucosaminyltransferase (EC 2.4.1.285); UDP-Gal alpha-galactosyltransferase (EC 2.4.1.-); UDP-Xyl alpha-xylosyltransferase (EC 2.4.2.-); UDP-GlcA alpha-glucuronyltransferase (EC 2.4.1.-); UDP-Glc alpha-glucosyltransferase (EC 2.4.1.-); UDP-GalNAc: GalNAc-PP-Und alpha-1,3-N-acetylgalactosaminyltransferase (EC 2.4.1.306); UDP-GalNAc: N,N'-diacetylbacillosaminyl-PP-Und alpha-1,3-N-acetylgalactosaminyltransferase (EC 2.4.1.290); ADP-dependent alpha-maltose-1-phosphate synthase (2.4.1.342); [retaining] UDP-GlcNAc: polypeptide alpha-N-acetylglucosaminyltransferase (EC 2.4.1.-); UDP-GlcNAc: alpha-N-acetylglucosaminyltransferase (EC 2.4.1.-)"	"2.4.1.131,2.4.1.13,2.4.1.14,2.4.1.157,2.4.1.198,2.4.1.208,2.4.1.21,2.4.1.231,2.4.1.241,2.4.1.245,2.4.1.252,2.4.1.257,2.4.1.270,2.4.1.283,2.4.1.285,2.4.1.290,2.4.1.342,2.4.1.57,2.4.1.-,2.4.2.-,2.4.1.132"	GT4.hmm
G275_2_GlPot	92_Gluconobacter_potus	plasmid	GT4	"GT4 sucrose synthase (EC 2.4.1.13); sucrose-phosphate synthase (EC 2.4.1.14); alpha-glucosyltransferase (EC 2.4.1.52); lipopolysaccharide N-acetylglucosaminyltransferase (EC 2.4.1.56); phosphatidylinositol alpha-mannosyltransferase (EC 2.4.1.57); GDP-Man: Man1GlcNAc2-PP-dolichol alpha-1,3-mannosyltransferase (EC 2.4.1.132); GDP-Man: Man3GlcNAc2-PP-dolichol/Man4GlcNAc2-PP-dolichol alpha-1,2-mannosyltransferase (EC 2.4.1.131); digalactosyldiacylglycerol synthase (EC 2.4.1.141); 1,2-diacylglycerol 3-glucosyltransferase (EC 2.4.1.157); diglucosyl diacylglycerol synthase (EC 2.4.1.208); trehalose phosphorylase (EC 2.4.1.231); NDP-Glc: alpha-glucose alpha-glucosyltransferase / alpha,alpha-trehalose synthase (EC 2.4.1.245); GDP-Man: Man2GlcNAc2-PP-dolichol alpha-1,6-mannosyltransferase (EC 2.4.1.257); UDP-GlcNAc: 2-deoxystreptamine alpha-N-acetylglucosaminyltransferase (EC 2.4.1.283); UDP-GlcNAc: ribostamycin alpha-N-acetylglucosaminyltransferase (EC 2.4.1.285); UDP-Gal alpha-galactosyltransferase (EC 2.4.1.-); UDP-Xyl alpha-xylosyltransferase (EC 2.4.2.-); UDP-GlcA alpha-glucuronyltransferase (EC 2.4.1.-); UDP-Glc alpha-glucosyltransferase (EC 2.4.1.-); UDP-GalNAc: GalNAc-PP-Und alpha-1,3-N-acetylgalactosaminyltransferase (EC 2.4.1.306); UDP-GalNAc: N,N'-diacetylbacillosaminyl-PP-Und alpha-1,3-N-acetylgalactosaminyltransferase (EC 2.4.1.290); ADP-dependent alpha-maltose-1-phosphate synthase (2.4.1.342); [retaining] UDP-GlcNAc: polypeptide alpha-N-acetylglucosaminyltransferase (EC 2.4.1.-); UDP-GlcNAc: alpha-N-acetylglucosaminyltransferase (EC 2.4.1.-)"	"2.4.1.131,2.4.1.13,2.4.1.14,2.4.1.157,2.4.1.198,2.4.1.208,2.4.1.21,2.4.1.231,2.4.1.241,2.4.1.245,2.4.1.252,2.4.1.257,2.4.1.270,2.4.1.283,2.4.1.285,2.4.1.290,2.4.1.342,2.4.1.57,2.4.1.-,2.4.2.-,2.4.1.132"	GT4.hmm
G275_2_GlPot	92_Gluconobacter_potus	plasmid	GT4	"GT4 sucrose synthase (EC 2.4.1.13); sucrose-phosphate synthase (EC 2.4.1.14); alpha-glucosyltransferase (EC 2.4.1.52); lipopolysaccharide N-acetylglucosaminyltransferase (EC 2.4.1.56); phosphatidylinositol alpha-mannosyltransferase (EC 2.4.1.57); GDP-Man: Man1GlcNAc2-PP-dolichol alpha-1,3-mannosyltransferase (EC 2.4.1.132); GDP-Man: Man3GlcNAc2-PP-dolichol/Man4GlcNAc2-PP-dolichol alpha-1,2-mannosyltransferase (EC 2.4.1.131); digalactosyldiacylglycerol synthase (EC 2.4.1.141); 1,2-diacylglycerol 3-glucosyltransferase (EC 2.4.1.157); diglucosyl diacylglycerol synthase (EC 2.4.1.208); trehalose phosphorylase (EC 2.4.1.231); NDP-Glc: alpha-glucose alpha-glucosyltransferase / alpha,alpha-trehalose synthase (EC 2.4.1.245); GDP-Man: Man2GlcNAc2-PP-dolichol alpha-1,6-mannosyltransferase (EC 2.4.1.257); UDP-GlcNAc: 2-deoxystreptamine alpha-N-acetylglucosaminyltransferase (EC 2.4.1.283); UDP-GlcNAc: ribostamycin alpha-N-acetylglucosaminyltransferase (EC 2.4.1.285); UDP-Gal alpha-galactosyltransferase (EC 2.4.1.-); UDP-Xyl alpha-xylosyltransferase (EC 2.4.2.-); UDP-GlcA alpha-glucuronyltransferase (EC 2.4.1.-); UDP-Glc alpha-glucosyltransferase (EC 2.4.1.-); UDP-GalNAc: GalNAc-PP-Und alpha-1,3-N-acetylgalactosaminyltransferase (EC 2.4.1.306); UDP-GalNAc: N,N'-diacetylbacillosaminyl-PP-Und alpha-1,3-N-acetylgalactosaminyltransferase (EC 2.4.1.290); ADP-dependent alpha-maltose-1-phosphate synthase (2.4.1.342); [retaining] UDP-GlcNAc: polypeptide alpha-N-acetylglucosaminyltransferase (EC 2.4.1.-); UDP-GlcNAc: alpha-N-acetylglucosaminyltransferase (EC 2.4.1.-)"	"2.4.1.131,2.4.1.13,2.4.1.14,2.4.1.157,2.4.1.198,2.4.1.208,2.4.1.21,2.4.1.231,2.4.1.241,2.4.1.245,2.4.1.252,2.4.1.257,2.4.1.270,2.4.1.283,2.4.1.285,2.4.1.290,2.4.1.342,2.4.1.57,2.4.1.-,2.4.2.-,2.4.1.132"	GT4.hmm
G275_2_GlPot	92_Gluconobacter_potus	plasmid	GT4	"GT4 sucrose synthase (EC 2.4.1.13); sucrose-phosphate synthase (EC 2.4.1.14); alpha-glucosyltransferase (EC 2.4.1.52); lipopolysaccharide N-acetylglucosaminyltransferase (EC 2.4.1.56); phosphatidylinositol alpha-mannosyltransferase (EC 2.4.1.57); GDP-Man: Man1GlcNAc2-PP-dolichol alpha-1,3-mannosyltransferase (EC 2.4.1.132); GDP-Man: Man3GlcNAc2-PP-dolichol/Man4GlcNAc2-PP-dolichol alpha-1,2-mannosyltransferase (EC 2.4.1.131); digalactosyldiacylglycerol synthase (EC 2.4.1.141); 1,2-diacylglycerol 3-glucosyltransferase (EC 2.4.1.157); diglucosyl diacylglycerol synthase (EC 2.4.1.208); trehalose phosphorylase (EC 2.4.1.231); NDP-Glc: alpha-glucose alpha-glucosyltransferase / alpha,alpha-trehalose synthase (EC 2.4.1.245); GDP-Man: Man2GlcNAc2-PP-dolichol alpha-1,6-mannosyltransferase (EC 2.4.1.257); UDP-GlcNAc: 2-deoxystreptamine alpha-N-acetylglucosaminyltransferase (EC 2.4.1.283); UDP-GlcNAc: ribostamycin alpha-N-acetylglucosaminyltransferase (EC 2.4.1.285); UDP-Gal alpha-galactosyltransferase (EC 2.4.1.-); UDP-Xyl alpha-xylosyltransferase (EC 2.4.2.-); UDP-GlcA alpha-glucuronyltransferase (EC 2.4.1.-); UDP-Glc alpha-glucosyltransferase (EC 2.4.1.-); UDP-GalNAc: GalNAc-PP-Und alpha-1,3-N-acetylgalactosaminyltransferase (EC 2.4.1.306); UDP-GalNAc: N,N'-diacetylbacillosaminyl-PP-Und alpha-1,3-N-acetylgalactosaminyltransferase (EC 2.4.1.290); ADP-dependent alpha-maltose-1-phosphate synthase (2.4.1.342); [retaining] UDP-GlcNAc: polypeptide alpha-N-acetylglucosaminyltransferase (EC 2.4.1.-); UDP-GlcNAc: alpha-N-acetylglucosaminyltransferase (EC 2.4.1.-)"	"2.4.1.131,2.4.1.13,2.4.1.14,2.4.1.157,2.4.1.198,2.4.1.208,2.4.1.21,2.4.1.231,2.4.1.241,2.4.1.245,2.4.1.252,2.4.1.257,2.4.1.270,2.4.1.283,2.4.1.285,2.4.1.290,2.4.1.342,2.4.1.57,2.4.1.-,2.4.2.-,2.4.1.132"	GT4.hmm
G272_1_AcMal	1_Acetobacter_malorum	plasmid	GT5	"GT5 UDP-Glc: glycogen glucosyltransferase (EC 2.4.1.11); ADP-Glc: starch glucosyltransferase (EC 2.4.1.21); NDP-Glc: starch glucosyltransferase (EC 2.4.1.242); UDP-Glc: alpha-1,3-glucan synthase (EC 2.4.1.183) UDP-Glc: alpha-1,4-glucan synthase (EC 2.4.1.-)"	"2.4.1.11,2.4.1.183,2.4.1.21,2.4.1.-,2.4.1.242"	GT5.hmm
G35_1_AcMalA	2_Acetobacter_malorum_A	plasmid	GT5	"GT5 UDP-Glc: glycogen glucosyltransferase (EC 2.4.1.11); ADP-Glc: starch glucosyltransferase (EC 2.4.1.21); NDP-Glc: starch glucosyltransferase (EC 2.4.1.242); UDP-Glc: alpha-1,3-glucan synthase (EC 2.4.1.183) UDP-Glc: alpha-1,4-glucan synthase (EC 2.4.1.-)"	"2.4.1.11,2.4.1.183,2.4.1.21,2.4.1.-,2.4.1.242"	GT5.hmm
G490_1_AcMalA	2_Acetobacter_malorum_A	plasmid	GT5	"GT5 UDP-Glc: glycogen glucosyltransferase (EC 2.4.1.11); ADP-Glc: starch glucosyltransferase (EC 2.4.1.21); NDP-Glc: starch glucosyltransferase (EC 2.4.1.242); UDP-Glc: alpha-1,3-glucan synthase (EC 2.4.1.183) UDP-Glc: alpha-1,4-glucan synthase (EC 2.4.1.-)"	"2.4.1.11,2.4.1.183,2.4.1.21,2.4.1.-,2.4.1.242"	GT5.hmm
G507_1_AcMalA	2_Acetobacter_malorum_A	plasmid	GT5	"GT5 UDP-Glc: glycogen glucosyltransferase (EC 2.4.1.11); ADP-Glc: starch glucosyltransferase (EC 2.4.1.21); NDP-Glc: starch glucosyltransferase (EC 2.4.1.242); UDP-Glc: alpha-1,3-glucan synthase (EC 2.4.1.183) UDP-Glc: alpha-1,4-glucan synthase (EC 2.4.1.-)"	"2.4.1.11,2.4.1.183,2.4.1.21,2.4.1.-,2.4.1.242"	GT5.hmm
G65_1_AcOrz	5_Acetobacter_oryzoeni	plasmid	GT5	"GT5 UDP-Glc: glycogen glucosyltransferase (EC 2.4.1.11); ADP-Glc: starch glucosyltransferase (EC 2.4.1.21); NDP-Glc: starch glucosyltransferase (EC 2.4.1.242); UDP-Glc: alpha-1,3-glucan synthase (EC 2.4.1.183) UDP-Glc: alpha-1,4-glucan synthase (EC 2.4.1.-)"	"2.4.1.11,2.4.1.183,2.4.1.21,2.4.1.-,2.4.1.242"	GT5.hmm
G490_1_AcMalA	2_Acetobacter_malorum_A	prophage	GT83	GT83 undecaprenyl phosphate-alpha-L-Ara4N: 4-amino-4-deoxy-beta-L-arabinosyltransferase (EC 2.4.2.43); dodecaprenyl phosphate-beta-galacturonic acid: lipopolysaccharide core alpha-galacturonosyl transferase (EC 2.4.1.-)	2.4.2.43	GT83.hmm